solid damper v2
facet normal -0.982297272843183 -0.187328769186275 0.0
outer loop
vertex 25.384840250857 -11.5638292955056 11.5000000000052
vertex 25.8236979113006 -13.8650705031037 5.18027842844049e-012
vertex 25.8236979113006 -13.8650705031037 11.5000000000052
endloop
endfacet
facet normal -0.982297272843183 -0.187328769186275 0.0
outer loop
vertex 25.8236979113006 -13.8650705031037 5.18027842844049e-012
vertex 25.384840250857 -11.5638292955056 11.5000000000052
vertex 25.384840250857 -11.5638292955056 5.18027842844049e-012
endloop
endfacet
facet normal -0.944358776943522 0.328917163446566 1.26217744835362e-029
outer loop
vertex 25.6519968076869 -16.2014835386553 11.5000000000052
vertex 24.8814380864775 -18.4138457148927 5.18027842844049e-012
vertex 24.8814380864775 -18.4138457148927 11.5000000000052
endloop
endfacet
facet normal -0.944358776943522 0.328917163446566 1.26217744835362e-029
outer loop
vertex 24.8814380864775 -18.4138457148927 5.18027842844049e-012
vertex 25.6519968076869 -16.2014835386553 11.5000000000052
vertex 25.6519968076869 -16.2014835386553 5.17745846195794e-012
endloop
endfacet
facet normal 0.562127619765511 -0.82705050577142 0.0
outer loop
vertex -32.0172257790802 -6.36417715002096 11.5000000000052
vertex -33.9547682697941 -7.68108118538415 5.18027842844049e-012
vertex -32.0172257790802 -6.36417715002096 5.17745846195794e-012
endloop
endfacet
facet normal 0.562127619765511 -0.82705050577142 0.0
outer loop
vertex -33.9547682697941 -7.68108118538415 5.18027842844049e-012
vertex -32.0172257790802 -6.36417715002096 11.5000000000052
vertex -33.9547682697941 -7.68108118538415 11.5000000000052
endloop
endfacet
facet normal 0.562127619765481 0.82705050577144 0.0
outer loop
vertex 10.8942270308918 -21.0812734924409 11.5000000000052
vertex 12.8317695216057 -22.398177527804 5.17745846195794e-012
vertex 10.8942270308918 -21.0812734924409 5.17745846195794e-012
endloop
endfacet
facet normal 0.562127619765481 0.82705050577144 0.0
outer loop
vertex 12.8317695216057 -22.398177527804 5.17745846195794e-012
vertex 10.8942270308918 -21.0812734924409 11.5000000000052
vertex 12.8317695216057 -22.398177527804 11.5000000000052
endloop
endfacet
facet normal 0.328917163446577 0.944358776943518 0.0
outer loop
vertex 18.9792449380626 -4.17191064833469 5.18027842844049e-012
vertex 21.5495372916527 -5.06713531380296 11.5000000000052
vertex 21.5495372916527 -5.06713531380296 5.17745846195794e-012
endloop
endfacet
facet normal 0.328917163446577 0.944358776943518 0.0
outer loop
vertex 21.5495372916527 -5.06713531380296 11.5000000000052
vertex 18.9792449380626 -4.17191064833469 5.18027842844049e-012
vertex 18.9792449380626 -4.17191064833469 11.5000000000052
endloop
endfacet
facet normal -0.65338010939658 -0.757030007757231 0.0
outer loop
vertex -33.7082047117273 -23.0956134459843 5.18027842844049e-012
vertex -35.7686381909123 -21.3172873053566 11.5000000000052
vertex -35.7686381909123 -21.3172873053566 5.17745846195794e-012
endloop
endfacet
facet normal -0.65338010939658 -0.757030007757231 0.0
outer loop
vertex -35.7686381909123 -21.3172873053566 11.5000000000052
vertex -33.7082047117273 -23.0956134459843 5.18027842844049e-012
vertex -33.7082047117273 -23.0956134459843 11.5000000000052
endloop
endfacet
facet normal 0.827050505771407 -0.56212761976553 0.0
outer loop
vertex 26.1784799226955 -19.0662767329794 5.18027842844049e-012
vertex 24.6485186853982 -21.3172873053565 11.5000000000052
vertex 24.6485186853982 -21.3172873053565 5.17745846195794e-012
endloop
endfacet
facet normal 0.827050505771407 -0.56212761976553 0.0
outer loop
vertex 24.6485186853982 -21.3172873053565 11.5000000000052
vertex 26.1784799226955 -19.0662767329794 5.18027842844049e-012
vertex 26.1784799226955 -19.0662767329794 11.5000000000052
endloop
endfacet
facet normal -0.997310558093572 -0.0732915460001291 0.0
outer loop
vertex -38.3933041057942 -13.7815714208747 11.5000000000052
vertex -38.1938240936778 -16.4959843793894 5.18027842844049e-012
vertex -38.1938240936778 -16.4959843793894 11.5000000000052
endloop
endfacet
facet normal -0.997310558093572 -0.0732915460001291 0.0
outer loop
vertex -38.1938240936778 -16.4959843793894 5.18027842844049e-012
vertex -38.3933041057942 -13.7815714208747 11.5000000000052
vertex -38.3933041057942 -13.7815714208747 5.18027842844049e-012
endloop
endfacet
facet normal -0.562127619765504 0.827050505771425 0.0
outer loop
vertex -34.9206673695442 -6.59709655110024 5.18027842844049e-012
vertex -32.6696567971669 -5.06713531380296 11.5000000000052
vertex -32.6696567971669 -5.06713531380296 5.17745846195794e-012
endloop
endfacet
facet normal -0.562127619765504 0.827050505771425 0.0
outer loop
vertex -32.6696567971669 -5.06713531380296 11.5000000000052
vertex -34.9206673695442 -6.59709655110024 5.18027842844049e-012
vertex -34.9206673695442 -6.59709655110024 11.5000000000052
endloop
endfacet
facet normal 0.997310558093574 0.0732915460000982 0.0
outer loop
vertex -36.9438174168148 -13.8650705031037 5.18027842844049e-012
vertex -36.772116313201 -16.2014835386553 11.5000000000052
vertex -36.772116313201 -16.2014835386553 5.17745846195794e-012
endloop
endfacet
facet normal 0.997310558093574 0.0732915460000982 0.0
outer loop
vertex -36.772116313201 -16.2014835386553 11.5000000000052
vertex -36.9438174168148 -13.8650705031037 5.18027842844049e-012
vertex -36.9438174168148 -13.8650705031037 11.5000000000052
endloop
endfacet
facet normal 0.653380109396581 0.75703000775723 0.0
outer loop
vertex -34.6846535566284 -20.3513882056066 11.5000000000052
vertex -32.9111490408346 -21.8820706919953 5.18027842844049e-012
vertex -34.6846535566284 -20.3513882056066 5.17745846195794e-012
endloop
endfacet
facet normal 0.653380109396581 0.75703000775723 0.0
outer loop
vertex -32.9111490408346 -21.8820706919953 5.18027842844049e-012
vertex -34.6846535566284 -20.3513882056066 11.5000000000052
vertex -32.9111490408346 -21.8820706919953 11.5000000000052
endloop
endfacet
facet normal 0.0732915460001134 0.997310558093573 0.0
outer loop
vertex 16.1170465389303 -3.96157000375908 11.5000000000052
vertex 18.9792449380626 -4.17191064833469 5.18027842844049e-012
vertex 16.1170465389303 -3.96157000375908 5.18027842844049e-012
endloop
endfacet
facet normal 0.0732915460001134 0.997310558093573 0.0
outer loop
vertex 18.9792449380626 -4.17191064833469 5.18027842844049e-012
vertex 16.1170465389303 -3.96157000375908 11.5000000000052
vertex 18.9792449380626 -4.17191064833469 11.5000000000052
endloop
endfacet
facet normal -0.757030007757219 -0.653380109396594 0.0
outer loop
vertex 22.83464876428 -7.68108118538415 11.5000000000052
vertex 24.3653312506686 -9.4545857011779 5.17745846195794e-012
vertex 24.3653312506686 -9.4545857011779 11.5000000000052
endloop
endfacet
facet normal -0.757030007757219 -0.653380109396594 0.0
outer loop
vertex 24.3653312506686 -9.4545857011779 5.17745846195794e-012
vertex 22.83464876428 -7.68108118538415 11.5000000000052
vertex 22.83464876428 -7.68108118538415 5.18027842844049e-012
endloop
endfacet
facet normal 0.944358776943522 0.328917163446566 -1.26217744835362e-029
outer loop
vertex -36.772116313201 -16.2014835386553 5.17745846195794e-012
vertex -36.0015575919916 -18.4138457148927 11.5000000000052
vertex -36.0015575919916 -18.4138457148927 5.18027842844049e-012
endloop
endfacet
facet normal 0.944358776943522 0.328917163446566 -1.26217744835362e-029
outer loop
vertex -36.0015575919916 -18.4138457148927 11.5000000000052
vertex -36.772116313201 -16.2014835386553 5.17745846195794e-012
vertex -36.772116313201 -16.2014835386553 11.5000000000052
endloop
endfacet
facet normal -0.827050505771417 0.562127619765515 0.0
outer loop
vertex 24.8814380864775 -18.4138457148927 11.5000000000052
vertex 23.5645340511143 -20.3513882056066 5.17745846195794e-012
vertex 23.5645340511143 -20.3513882056066 11.5000000000052
endloop
endfacet
facet normal -0.827050505771417 0.562127619765515 0.0
outer loop
vertex 23.5645340511143 -20.3513882056066 5.17745846195794e-012
vertex 24.8814380864775 -18.4138457148927 11.5000000000052
vertex 24.8814380864775 -18.4138457148927 5.18027842844049e-012
endloop
endfacet
facet normal -0.757030007757226 -0.653380109396586 -2.53904916585415e-018
outer loop
vertex 8.70445779205193 -20.7472375785562 11.5000000000052
vertex 9.92832793114178 -22.1652581267248 5.18027842844049e-012
vertex 9.92832793114178 -22.1652581267248 11.5000000000052
endloop
endfacet
facet normal -0.757030007757226 -0.653380109396586 -2.53904916585415e-018
outer loop
vertex 9.92832793114178 -22.1652581267248 5.18027842844049e-012
vertex 8.70445779205193 -20.7472375785562 11.5000000000052
vertex 8.70445779205193 -20.7472375785562 5.18027842844049e-012
endloop
endfacet
facet normal 0.187328769186267 0.982297272843185 0.0
outer loop
vertex -30.8019054465069 -22.9015796921837 11.5000000000052
vertex -28.5006642389088 -23.3404373526273 5.18027842844049e-012
vertex -30.8019054465069 -22.9015796921837 5.18027842844049e-012
endloop
endfacet
facet normal 0.187328769186267 0.982297272843185 0.0
outer loop
vertex -28.5006642389088 -23.3404373526273 5.18027842844049e-012
vertex -30.8019054465069 -22.9015796921837 11.5000000000052
vertex -28.5006642389088 -23.3404373526273 11.5000000000052
endloop
endfacet
facet normal -0.757030007757228 0.653380109396584 0.0
outer loop
vertex -34.9206673695442 -6.59709655110024 11.5000000000052
vertex -36.6989935101718 -8.65753003028522 5.17745846195794e-012
vertex -36.6989935101718 -8.65753003028522 11.5000000000052
endloop
endfacet
facet normal -0.757030007757228 0.653380109396584 0.0
outer loop
vertex -36.6989935101718 -8.65753003028522 5.17745846195794e-012
vertex -34.9206673695442 -6.59709655110024 11.5000000000052
vertex -34.9206673695442 -6.59709655110024 5.18027842844049e-012
endloop
endfacet
facet normal -0.982297272843176 0.187328769186311 0.0
outer loop
vertex -37.8834452313891 -11.1080206147787 11.5000000000052
vertex -38.3933041057942 -13.7815714208747 5.18027842844049e-012
vertex -38.3933041057942 -13.7815714208747 11.5000000000052
endloop
endfacet
facet normal -0.982297272843176 0.187328769186311 0.0
outer loop
vertex -38.3933041057942 -13.7815714208747 5.18027842844049e-012
vertex -37.8834452313891 -11.1080206147787 11.5000000000052
vertex -37.8834452313891 -11.1080206147787 5.18027842844049e-012
endloop
endfacet
facet normal 0.757030007757223 -0.653380109396589 0.0
outer loop
vertex -19.8245772975661 -20.7472375785562 5.18027842844049e-012
vertex -21.0484474366559 -22.1652581267248 11.5000000000052
vertex -21.0484474366559 -22.1652581267248 5.18027842844049e-012
endloop
endfacet
facet normal 0.757030007757223 -0.653380109396589 0.0
outer loop
vertex -21.0484474366559 -22.1652581267248 11.5000000000052
vertex -19.8245772975661 -20.7472375785562 5.18027842844049e-012
vertex -19.8245772975661 -20.7472375785562 11.5000000000052
endloop
endfacet
facet normal 0.982297272843184 -0.187328769186273 0.0
outer loop
vertex -36.5049597563713 -11.5638292955056 5.18027842844049e-012
vertex -36.9438174168148 -13.8650705031037 11.5000000000052
vertex -36.9438174168148 -13.8650705031037 5.18027842844049e-012
endloop
endfacet
facet normal 0.982297272843184 -0.187328769186273 0.0
outer loop
vertex -36.9438174168148 -13.8650705031037 11.5000000000052
vertex -36.5049597563713 -11.5638292955056 5.18027842844049e-012
vertex -36.5049597563713 -11.5638292955056 11.5000000000052
endloop
endfacet
facet normal -0.0732915460001221 0.997310558093572 0.0
outer loop
vertex -30.0993644435768 -4.17191064833469 11.5000000000052
vertex -27.2371660444442 -3.96157000375904 5.18027842844049e-012
vertex -30.0993644435768 -4.17191064833469 5.18027842844049e-012
endloop
endfacet
facet normal -0.0732915460001221 0.997310558093572 0.0
outer loop
vertex -27.2371660444442 -3.96157000375904 5.18027842844049e-012
vertex -30.0993644435768 -4.17191064833469 11.5000000000052
vertex -27.2371660444442 -3.96157000375904 11.5000000000052
endloop
endfacet
facet normal 0.757030007757224 0.653380109396588 0.0
outer loop
vertex 23.8005478640299 -6.59709655110027 5.18027842844049e-012
vertex 25.5788740046577 -8.65753003028524 11.5000000000052
vertex 25.5788740046577 -8.65753003028524 5.17745846195794e-012
endloop
endfacet
facet normal 0.757030007757224 0.653380109396588 0.0
outer loop
vertex 25.5788740046577 -8.65753003028524 11.5000000000052
vertex 23.8005478640299 -6.59709655110027 5.18027842844049e-012
vertex 23.8005478640299 -6.59709655110027 11.5000000000052
endloop
endfacet
facet normal 0.944358776943521 -0.328917163446569 0.0
outer loop
vertex 27.0737045881637 -16.4959843793894 5.18027842844049e-012
vertex 26.1784799226955 -19.0662767329794 11.5000000000052
vertex 26.1784799226955 -19.0662767329794 5.18027842844049e-012
endloop
endfacet
facet normal 0.944358776943521 -0.328917163446569 0.0
outer loop
vertex 26.1784799226955 -19.0662767329794 11.5000000000052
vertex 27.0737045881637 -16.4959843793894 5.18027842844049e-012
vertex 27.0737045881637 -16.4959843793894 11.5000000000052
endloop
endfacet
facet normal -0.827050505771419 -0.562127619765512 0.0
outer loop
vertex -37.2985994282096 -19.0662767329794 11.5000000000052
vertex -35.7686381909123 -21.3172873053566 5.17745846195794e-012
vertex -35.7686381909123 -21.3172873053566 11.5000000000052
endloop
endfacet
facet normal -0.827050505771419 -0.562127619765512 0.0
outer loop
vertex -35.7686381909123 -21.3172873053566 5.17745846195794e-012
vertex -37.2985994282096 -19.0662767329794 11.5000000000052
vertex -37.2985994282096 -19.0662767329794 5.18027842844049e-012
endloop
endfacet
facet normal 0.562127619765515 0.827050505771417 0.0
outer loop
vertex 21.5495372916527 -5.06713531380296 11.5000000000052
vertex 23.8005478640299 -6.59709655110027 5.18027842844049e-012
vertex 21.5495372916527 -5.06713531380296 5.17745846195794e-012
endloop
endfacet
facet normal 0.562127619765515 0.827050505771417 0.0
outer loop
vertex 23.8005478640299 -6.59709655110027 5.18027842844049e-012
vertex 21.5495372916527 -5.06713531380296 11.5000000000052
vertex 23.8005478640299 -6.59709655110027 11.5000000000052
endloop
endfacet
facet normal -0.757030007757239 0.653380109396571 0.0
outer loop
vertex -20.4836640500173 -19.3077689766471 11.5000000000052
vertex -22.0143465364059 -21.0812734924409 5.17745846195794e-012
vertex -22.0143465364059 -21.0812734924409 11.5000000000052
endloop
endfacet
facet normal -0.757030007757239 0.653380109396571 0.0
outer loop
vertex -22.0143465364059 -21.0812734924409 5.17745846195794e-012
vertex -20.4836640500173 -19.3077689766471 11.5000000000052
vertex -20.4836640500173 -19.3077689766471 5.18027842844049e-012
endloop
endfacet
facet normal -0.328917163446599 0.944358776943511 0.0
outer loop
vertex -26.1642512033572 -23.1687362490135 5.18027842844049e-012
vertex -23.9518890271198 -22.398177527804 11.5000000000052
vertex -23.9518890271198 -22.398177527804 5.17745846195794e-012
endloop
endfacet
facet normal -0.328917163446599 0.944358776943511 0.0
outer loop
vertex -23.9518890271198 -22.398177527804 11.5000000000052
vertex -26.1642512033572 -23.1687362490135 5.18027842844049e-012
vertex -26.1642512033572 -23.1687362490135 11.5000000000052
endloop
endfacet
facet normal 0.32891716344659 -0.944358776943514 0.0
outer loop
vertex -29.8048636028428 -5.5936184288115 5.18027842844049e-012
vertex -32.0172257790802 -6.36417715002096 11.5000000000052
vertex -32.0172257790802 -6.36417715002096 5.17745846195794e-012
endloop
endfacet
facet normal 0.32891716344659 -0.944358776943514 0.0
outer loop
vertex -32.0172257790802 -6.36417715002096 11.5000000000052
vertex -29.8048636028428 -5.5936184288115 5.18027842844049e-012
vertex -29.8048636028428 -5.5936184288115 11.5000000000052
endloop
endfacet
facet normal -0.562127619765479 0.827050505771442 0.0
outer loop
vertex -23.9518890271198 -22.398177527804 11.5000000000052
vertex -22.0143465364059 -21.0812734924409 5.17745846195794e-012
vertex -23.9518890271198 -22.398177527804 5.17745846195794e-012
endloop
endfacet
facet normal -0.562127619765479 0.827050505771442 0.0
outer loop
vertex -22.0143465364059 -21.0812734924409 5.17745846195794e-012
vertex -23.9518890271198 -22.398177527804 11.5000000000052
vertex -22.0143465364059 -21.0812734924409 11.5000000000052
endloop
endfacet
facet normal 0.0732915460001085 -0.997310558093573 0.0
outer loop
vertex -27.4684505672912 -5.42191732519768 11.5000000000052
vertex -29.8048636028428 -5.5936184288115 5.18027842844049e-012
vertex -27.4684505672912 -5.42191732519768 5.18027842844049e-012
endloop
endfacet
facet normal 0.0732915460001085 -0.997310558093573 0.0
outer loop
vertex -29.8048636028428 -5.5936184288115 5.18027842844049e-012
vertex -27.4684505672912 -5.42191732519768 11.5000000000052
vertex -29.8048636028428 -5.5936184288115 11.5000000000052
endloop
endfacet
facet normal -0.328917163446593 -0.944358776943513 0.0
outer loop
vertex 20.8971062735661 -6.36417715002096 11.5000000000052
vertex 18.6847440973286 -5.5936184288115 5.18027842844049e-012
vertex 20.8971062735661 -6.36417715002096 5.17745846195794e-012
endloop
endfacet
facet normal -0.328917163446593 -0.944358776943513 0.0
outer loop
vertex 18.6847440973286 -5.5936184288115 5.18027842844049e-012
vertex 20.8971062735661 -6.36417715002096 11.5000000000052
vertex 18.6847440973286 -5.5936184288115 11.5000000000052
endloop
endfacet
facet normal -0.562127619765513 -0.827050505771418 0.0
outer loop
vertex 22.83464876428 -7.68108118538415 5.18027842844049e-012
vertex 20.8971062735661 -6.36417715002096 11.5000000000052
vertex 20.8971062735661 -6.36417715002096 5.17745846195794e-012
endloop
endfacet
facet normal -0.562127619765513 -0.827050505771418 0.0
outer loop
vertex 20.8971062735661 -6.36417715002096 11.5000000000052
vertex 22.83464876428 -7.68108118538415 5.18027842844049e-012
vertex 22.83464876428 -7.68108118538415 11.5000000000052
endloop
endfacet
facet normal -0.0732915460000989 0.997310558093574 0.0
outer loop
vertex -28.5006642389088 -23.3404373526273 11.5000000000052
vertex -26.1642512033572 -23.1687362490135 5.18027842844049e-012
vertex -28.5006642389088 -23.3404373526273 5.18027842844049e-012
endloop
endfacet
facet normal -0.0732915460000989 0.997310558093574 0.0
outer loop
vertex -26.1642512033572 -23.1687362490135 5.18027842844049e-012
vertex -28.5006642389088 -23.3404373526273 11.5000000000052
vertex -26.1642512033572 -23.1687362490135 11.5000000000052
endloop
endfacet
facet normal -0.0732915460000983 -0.997310558093574 0.0
outer loop
vertex 18.6847440973286 -5.5936184288115 11.5000000000052
vertex 16.348331061777 -5.4219173251977 5.18027842844049e-012
vertex 18.6847440973286 -5.5936184288115 5.18027842844049e-012
endloop
endfacet
facet normal -0.0732915460000983 -0.997310558093574 0.0
outer loop
vertex 16.348331061777 -5.4219173251977 5.18027842844049e-012
vertex 18.6847440973286 -5.5936184288115 11.5000000000052
vertex 16.348331061777 -5.4219173251977 11.5000000000052
endloop
endfacet
facet normal 0.757030007757217 -0.653380109396596 0.0
outer loop
vertex -33.9547682697941 -7.68108118538415 5.18027842844049e-012
vertex -35.4854507561828 -9.45458570117788 11.5000000000052
vertex -35.4854507561828 -9.45458570117788 5.17745846195794e-012
endloop
endfacet
facet normal 0.757030007757217 -0.653380109396596 0.0
outer loop
vertex -35.4854507561828 -9.45458570117788 11.5000000000052
vertex -33.9547682697941 -7.68108118538415 5.18027842844049e-012
vertex -33.9547682697941 -7.68108118538415 11.5000000000052
endloop
endfacet
facet normal -0.997310558093574 0.0732915460000982 0.0
outer loop
vertex 25.8236979113006 -13.8650705031037 11.5000000000052
vertex 25.6519968076869 -16.2014835386553 5.17745846195794e-012
vertex 25.6519968076869 -16.2014835386553 11.5000000000052
endloop
endfacet
facet normal -0.997310558093574 0.0732915460000982 0.0
outer loop
vertex 25.6519968076869 -16.2014835386553 5.17745846195794e-012
vertex 25.8236979113006 -13.8650705031037 11.5000000000052
vertex 25.8236979113006 -13.8650705031037 5.18027842844049e-012
endloop
endfacet
facet normal -0.562127619765514 -0.827050505771418 0.0
outer loop
vertex 12.179338503519 -23.6952193640221 11.5000000000052
vertex 9.92832793114178 -22.1652581267248 5.18027842844049e-012
vertex 12.179338503519 -23.6952193640221 5.18027842844049e-012
endloop
endfacet
facet normal -0.562127619765514 -0.827050505771418 0.0
outer loop
vertex 9.92832793114178 -22.1652581267248 5.18027842844049e-012
vertex 12.179338503519 -23.6952193640221 11.5000000000052
vertex 9.92832793114178 -22.1652581267248 11.5000000000052
endloop
endfacet
facet normal 0.757030007757248 0.65338010939656 0.0
outer loop
vertex 9.36354454450316 -19.3077689766471 5.18027842844049e-012
vertex 10.8942270308918 -21.0812734924409 11.5000000000052
vertex 10.8942270308918 -21.0812734924409 5.17745846195794e-012
endloop
endfacet
facet normal 0.757030007757248 0.65338010939656 0.0
outer loop
vertex 10.8942270308918 -21.0812734924409 11.5000000000052
vertex 9.36354454450316 -19.3077689766471 5.18027842844049e-012
vertex 9.36354454450316 -19.3077689766471 11.5000000000052
endloop
endfacet
facet normal 0.328917163446599 0.944358776943511 0.0
outer loop
vertex 12.8317695216057 -22.398177527804 11.5000000000052
vertex 15.0441316978431 -23.1687362490135 5.18027842844049e-012
vertex 12.8317695216057 -22.398177527804 5.17745846195794e-012
endloop
endfacet
facet normal 0.328917163446599 0.944358776943511 0.0
outer loop
vertex 15.0441316978431 -23.1687362490135 5.18027842844049e-012
vertex 12.8317695216057 -22.398177527804 11.5000000000052
vertex 15.0441316978431 -23.1687362490135 11.5000000000052
endloop
endfacet
facet normal 0.0732915460000985 0.997310558093574 0.0
outer loop
vertex 15.0441316978431 -23.1687362490135 11.5000000000052
vertex 17.3805447333946 -23.3404373526273 5.18027842844049e-012
vertex 15.0441316978431 -23.1687362490135 5.18027842844049e-012
endloop
endfacet
facet normal 0.0732915460000985 0.997310558093574 0.0
outer loop
vertex 17.3805447333946 -23.3404373526273 5.18027842844049e-012
vertex 15.0441316978431 -23.1687362490135 11.5000000000052
vertex 17.3805447333946 -23.3404373526273 11.5000000000052
endloop
endfacet
facet normal -0.187328769186271 0.982297272843184 0.0
outer loop
vertex 17.3805447333946 -23.3404373526273 11.5000000000052
vertex 19.6817859409928 -22.9015796921837 5.18027842844049e-012
vertex 17.3805447333946 -23.3404373526273 5.18027842844049e-012
endloop
endfacet
facet normal -0.187328769186271 0.982297272843184 0.0
outer loop
vertex 19.6817859409928 -22.9015796921837 5.18027842844049e-012
vertex 17.3805447333946 -23.3404373526273 11.5000000000052
vertex 19.6817859409928 -22.9015796921837 11.5000000000052
endloop
endfacet
facet normal -0.435182938328051 0.900342051771527 0.0
outer loop
vertex 19.6817859409928 -22.9015796921837 11.5000000000052
vertex 21.7910295353204 -21.8820706919953 5.18027842844049e-012
vertex 19.6817859409928 -22.9015796921837 5.18027842844049e-012
endloop
endfacet
facet normal -0.435182938328051 0.900342051771527 0.0
outer loop
vertex 21.7910295353204 -21.8820706919953 5.18027842844049e-012
vertex 19.6817859409928 -22.9015796921837 11.5000000000052
vertex 21.7910295353204 -21.8820706919953 11.5000000000052
endloop
endfacet
facet normal -0.653380109396586 0.757030007757226 0.0
outer loop
vertex 21.7910295353204 -21.8820706919953 5.18027842844049e-012
vertex 23.5645340511143 -20.3513882056066 11.5000000000052
vertex 23.5645340511143 -20.3513882056066 5.17745846195794e-012
endloop
endfacet
facet normal -0.653380109396586 0.757030007757226 0.0
outer loop
vertex 23.5645340511143 -20.3513882056066 11.5000000000052
vertex 21.7910295353204 -21.8820706919953 5.18027842844049e-012
vertex 21.7910295353204 -21.8820706919953 11.5000000000052
endloop
endfacet
facet normal -0.900342051771525 -0.435182938328055 0.0
outer loop
vertex 24.3653312506686 -9.4545857011779 11.5000000000052
vertex 25.384840250857 -11.5638292955056 5.18027842844049e-012
vertex 25.384840250857 -11.5638292955056 11.5000000000052
endloop
endfacet
facet normal -0.900342051771525 -0.435182938328055 0.0
outer loop
vertex 25.384840250857 -11.5638292955056 5.18027842844049e-012
vertex 24.3653312506686 -9.4545857011779 11.5000000000052
vertex 24.3653312506686 -9.4545857011779 5.17745846195794e-012
endloop
endfacet
facet normal 0.900342051771523 -0.435182938328059 0.0
outer loop
vertex -35.4854507561828 -9.45458570117788 5.17745846195794e-012
vertex -36.5049597563713 -11.5638292955056 11.5000000000052
vertex -36.5049597563713 -11.5638292955056 5.18027842844049e-012
endloop
endfacet
facet normal 0.900342051771523 -0.435182938328059 0.0
outer loop
vertex -36.5049597563713 -11.5638292955056 11.5000000000052
vertex -35.4854507561828 -9.45458570117788 5.17745846195794e-012
vertex -35.4854507561828 -9.45458570117788 11.5000000000052
endloop
endfacet
facet normal 0.82705050577142 0.562127619765511 0.0
outer loop
vertex -36.0015575919916 -18.4138457148927 5.18027842844049e-012
vertex -34.6846535566284 -20.3513882056066 11.5000000000052
vertex -34.6846535566284 -20.3513882056066 5.17745846195794e-012
endloop
endfacet
facet normal 0.82705050577142 0.562127619765511 0.0
outer loop
vertex -34.6846535566284 -20.3513882056066 11.5000000000052
vertex -36.0015575919916 -18.4138457148927 5.18027842844049e-012
vertex -36.0015575919916 -18.4138457148927 11.5000000000052
endloop
endfacet
facet normal 0.435182938328051 0.900342051771527 0.0
outer loop
vertex -32.9111490408346 -21.8820706919953 11.5000000000052
vertex -30.8019054465069 -22.9015796921837 5.18027842844049e-012
vertex -32.9111490408346 -21.8820706919953 5.18027842844049e-012
endloop
endfacet
facet normal 0.435182938328051 0.900342051771527 0.0
outer loop
vertex -30.8019054465069 -22.9015796921837 5.18027842844049e-012
vertex -32.9111490408346 -21.8820706919953 11.5000000000052
vertex -30.8019054465069 -22.9015796921837 11.5000000000052
endloop
endfacet
facet normal 0.0 1.0 0.0
outer loop
vertex 8.26913565451 -19.3077689766471 11.5000000000052
vertex 9.36354454450316 -19.3077689766471 5.18027842844049e-012
vertex 8.26913565451 -19.3077689766471 5.18027842844049e-012
endloop
endfacet
facet normal 0.0 1.0 0.0
outer loop
vertex 9.36354454450316 -19.3077689766471 5.18027842844049e-012
vertex 8.26913565451 -19.3077689766471 11.5000000000052
vertex 9.36354454450316 -19.3077689766471 11.5000000000052
endloop
endfacet
facet normal 0.982297272843177 0.187328769186307 0.0
outer loop
vertex 26.763325725875 -11.1080206147787 5.18027842844049e-012
vertex 27.2731846002801 -13.7815714208747 11.5000000000052
vertex 27.2731846002801 -13.7815714208747 5.18027842844049e-012
endloop
endfacet
facet normal 0.982297272843177 0.187328769186307 0.0
outer loop
vertex 27.2731846002801 -13.7815714208747 11.5000000000052
vertex 26.763325725875 -11.1080206147787 5.18027842844049e-012
vertex 26.763325725875 -11.1080206147787 11.5000000000052
endloop
endfacet
facet normal 0.900342051771525 0.435182938328056 0.0
outer loop
vertex 25.5788740046577 -8.65753003028524 5.17745846195794e-012
vertex 26.763325725875 -11.1080206147787 11.5000000000052
vertex 26.763325725875 -11.1080206147787 5.18027842844049e-012
endloop
endfacet
facet normal 0.900342051771525 0.435182938328056 0.0
outer loop
vertex 26.763325725875 -11.1080206147787 11.5000000000052
vertex 25.5788740046577 -8.65753003028524 5.17745846195794e-012
vertex 25.5788740046577 -8.65753003028524 11.5000000000052
endloop
endfacet
facet normal 0.997310558093572 -0.073291546000125 -3.15544362088405e-030
outer loop
vertex 27.2731846002801 -13.7815714208747 5.18027842844049e-012
vertex 27.0737045881637 -16.4959843793894 11.5000000000052
vertex 27.0737045881637 -16.4959843793894 5.18027842844049e-012
endloop
endfacet
facet normal 0.997310558093572 -0.073291546000125 -3.15544362088405e-030
outer loop
vertex 27.0737045881637 -16.4959843793894 11.5000000000052
vertex 27.2731846002801 -13.7815714208747 5.18027842844049e-012
vertex 27.2731846002801 -13.7815714208747 11.5000000000052
endloop
endfacet
facet normal -0.328917163446576 0.944358776943519 0.0
outer loop
vertex -32.6696567971669 -5.06713531380296 11.5000000000052
vertex -30.0993644435768 -4.17191064833469 5.18027842844049e-012
vertex -32.6696567971669 -5.06713531380296 5.17745846195794e-012
endloop
endfacet
facet normal -0.328917163446576 0.944358776943519 0.0
outer loop
vertex -30.0993644435768 -4.17191064833469 5.18027842844049e-012
vertex -32.6696567971669 -5.06713531380296 11.5000000000052
vertex -30.0993644435768 -4.17191064833469 11.5000000000052
endloop
endfacet
facet normal -0.90034205177153 0.435182938328047 0.0
outer loop
vertex -36.6989935101718 -8.65753003028522 11.5000000000052
vertex -37.8834452313891 -11.1080206147787 5.18027842844049e-012
vertex -37.8834452313891 -11.1080206147787 11.5000000000052
endloop
endfacet
facet normal -0.90034205177153 0.435182938328047 0.0
outer loop
vertex -37.8834452313891 -11.1080206147787 5.18027842844049e-012
vertex -36.6989935101718 -8.65753003028522 11.5000000000052
vertex -36.6989935101718 -8.65753003028522 5.17745846195794e-012
endloop
endfacet
facet normal -0.944358776943523 -0.328917163446565 -3.99584868272064e-018
outer loop
vertex -38.1938240936778 -16.4959843793894 11.5000000000052
vertex -37.2985994282096 -19.0662767329794 5.18027842844049e-012
vertex -37.2985994282096 -19.0662767329794 11.5000000000052
endloop
endfacet
facet normal -0.944358776943523 -0.328917163446565 -3.99584868272064e-018
outer loop
vertex -37.2985994282096 -19.0662767329794 5.18027842844049e-012
vertex -38.1938240936778 -16.4959843793894 11.5000000000052
vertex -38.1938240936778 -16.4959843793894 5.18027842844049e-012
endloop
endfacet
facet normal -0.43518293832805 -0.900342051771528 0.0
outer loop
vertex -31.2577141272338 -24.2800651672016 11.5000000000052
vertex -33.7082047117273 -23.0956134459843 5.18027842844049e-012
vertex -31.2577141272338 -24.2800651672016 5.18027842844049e-012
endloop
endfacet
facet normal -0.43518293832805 -0.900342051771528 0.0
outer loop
vertex -33.7082047117273 -23.0956134459843 5.18027842844049e-012
vertex -31.2577141272338 -24.2800651672016 11.5000000000052
vertex -33.7082047117273 -23.0956134459843 11.5000000000052
endloop
endfacet
facet normal -0.187328769186302 -0.982297272843178 0.0
outer loop
vertex -28.5841633211378 -24.7899240416067 11.5000000000052
vertex -31.2577141272338 -24.2800651672016 5.18027842844049e-012
vertex -28.5841633211378 -24.7899240416067 5.18027842844049e-012
endloop
endfacet
facet normal -0.187328769186302 -0.982297272843178 0.0
outer loop
vertex -31.2577141272338 -24.2800651672016 5.18027842844049e-012
vertex -28.5841633211378 -24.7899240416067 11.5000000000052
vertex -31.2577141272338 -24.2800651672016 11.5000000000052
endloop
endfacet
facet normal 0.0732915460001268 -0.997310558093572 0.0
outer loop
vertex -25.8697503626232 -24.5904440294903 11.5000000000052
vertex -28.5841633211378 -24.7899240416067 5.18027842844049e-012
vertex -25.8697503626232 -24.5904440294903 5.18027842844049e-012
endloop
endfacet
facet normal 0.0732915460001268 -0.997310558093572 0.0
outer loop
vertex -28.5841633211378 -24.7899240416067 5.18027842844049e-012
vertex -25.8697503626232 -24.5904440294903 11.5000000000052
vertex -28.5841633211378 -24.7899240416067 11.5000000000052
endloop
endfacet
facet normal 0.328917163446567 -0.944358776943522 0.0
outer loop
vertex -23.2994580090332 -23.6952193640221 11.5000000000052
vertex -25.8697503626232 -24.5904440294903 5.18027842844049e-012
vertex -23.2994580090332 -23.6952193640221 5.18027842844049e-012
endloop
endfacet
facet normal 0.328917163446567 -0.944358776943522 0.0
outer loop
vertex -25.8697503626232 -24.5904440294903 5.18027842844049e-012
vertex -23.2994580090332 -23.6952193640221 11.5000000000052
vertex -25.8697503626232 -24.5904440294903 11.5000000000052
endloop
endfacet
facet normal 0.562127619765512 -0.827050505771419 0.0
outer loop
vertex -21.0484474366559 -22.1652581267248 11.5000000000052
vertex -23.2994580090332 -23.6952193640221 5.18027842844049e-012
vertex -21.0484474366559 -22.1652581267248 5.18027842844049e-012
endloop
endfacet
facet normal 0.562127619765512 -0.827050505771419 0.0
outer loop
vertex -23.2994580090332 -23.6952193640221 5.18027842844049e-012
vertex -21.0484474366559 -22.1652581267248 11.5000000000052
vertex -23.2994580090332 -23.6952193640221 11.5000000000052
endloop
endfacet
facet normal -0.328917163446557 -0.944358776943525 0.0
outer loop
vertex 14.749630857109 -24.5904440294903 11.5000000000052
vertex 12.179338503519 -23.6952193640221 5.18027842844049e-012
vertex 14.749630857109 -24.5904440294903 5.18027842844049e-012
endloop
endfacet
facet normal -0.328917163446557 -0.944358776943525 0.0
outer loop
vertex 12.179338503519 -23.6952193640221 5.18027842844049e-012
vertex 14.749630857109 -24.5904440294903 11.5000000000052
vertex 12.179338503519 -23.6952193640221 11.5000000000052
endloop
endfacet
facet normal -0.0732915460001273 -0.997310558093572 0.0
outer loop
vertex 17.4640438156237 -24.7899240416067 11.5000000000052
vertex 14.749630857109 -24.5904440294903 5.18027842844049e-012
vertex 17.4640438156237 -24.7899240416067 5.18027842844049e-012
endloop
endfacet
facet normal -0.0732915460001273 -0.997310558093572 0.0
outer loop
vertex 14.749630857109 -24.5904440294903 5.18027842844049e-012
vertex 17.4640438156237 -24.7899240416067 11.5000000000052
vertex 14.749630857109 -24.5904440294903 11.5000000000052
endloop
endfacet
facet normal 0.187328769186305 -0.982297272843178 0.0
outer loop
vertex 20.1375946217196 -24.2800651672016 11.5000000000052
vertex 17.4640438156237 -24.7899240416067 5.18027842844049e-012
vertex 20.1375946217196 -24.2800651672016 5.18027842844049e-012
endloop
endfacet
facet normal 0.187328769186305 -0.982297272843178 0.0
outer loop
vertex 17.4640438156237 -24.7899240416067 5.18027842844049e-012
vertex 20.1375946217196 -24.2800651672016 11.5000000000052
vertex 17.4640438156237 -24.7899240416067 11.5000000000052
endloop
endfacet
facet normal 0.435182938328053 -0.900342051771526 0.0
outer loop
vertex 22.5880852062132 -23.0956134459843 11.5000000000052
vertex 20.1375946217196 -24.2800651672016 5.18027842844049e-012
vertex 22.5880852062132 -23.0956134459843 5.18027842844049e-012
endloop
endfacet
facet normal 0.435182938328053 -0.900342051771526 0.0
outer loop
vertex 20.1375946217196 -24.2800651672016 5.18027842844049e-012
vertex 22.5880852062132 -23.0956134459843 11.5000000000052
vertex 20.1375946217196 -24.2800651672016 11.5000000000052
endloop
endfacet
facet normal 0.653380109396599 -0.757030007757214 0.0
outer loop
vertex 24.6485186853982 -21.3172873053565 11.5000000000052
vertex 22.5880852062132 -23.0956134459843 5.18027842844049e-012
vertex 24.6485186853982 -21.3172873053565 5.17745846195794e-012
endloop
endfacet
facet normal 0.653380109396599 -0.757030007757214 0.0
outer loop
vertex 22.5880852062132 -23.0956134459843 5.18027842844049e-012
vertex 24.6485186853982 -21.3172873053565 11.5000000000052
vertex 22.5880852062132 -23.0956134459843 11.5000000000052
endloop
endfacet
facet normal -3.49040509654141e-016 -1.0 0.0
outer loop
vertex 16.348331061777 -5.4219173251977 11.5000000000052
vertex 8.26913565451 -5.42191732519768 5.18027842844049e-012
vertex 16.348331061777 -5.4219173251977 5.18027842844049e-012
endloop
endfacet
facet normal -3.49040509654141e-016 -1.0 0.0
outer loop
vertex 8.26913565451 -5.42191732519768 5.18027842844049e-012
vertex 16.348331061777 -5.4219173251977 11.5000000000052
vertex 8.26913565451 -5.42191732519768 11.5000000000052
endloop
endfacet
facet normal 0.0 -1.0 0.0
outer loop
vertex 8.70445779205193 -20.7472375785562 11.5000000000052
vertex 8.26913565451 -20.7472375785562 5.18027842844049e-012
vertex 8.70445779205193 -20.7472375785562 5.18027842844049e-012
endloop
endfacet
facet normal 0.0 -1.0 0.0
outer loop
vertex 8.26913565451 -20.7472375785562 5.18027842844049e-012
vertex 8.70445779205193 -20.7472375785562 11.5000000000052
vertex 8.26913565451 -20.7472375785562 11.5000000000052
endloop
endfacet
facet normal 4.73943946646705e-016 1.0 0.0
outer loop
vertex -11.5100597527571 -5.42191732519768 5.18027842844049e-012
vertex -6.38362560123308 -5.42191732519768 4.37823497157501
vertex 0.389940247242895 -5.42191732519768 5.18027842844049e-012
endloop
endfacet
facet normal 4.73943946646705e-016 1.0 0.0
outer loop
vertex -6.38362560123308 -5.42191732519768 4.37823497157501
vertex -11.5100597527571 -5.42191732519768 5.18027842844049e-012
vertex -6.71060219021305 -5.42191732519768 4.63813125792592
endloop
endfacet
facet normal 4.73943946646705e-016 1.0 0.0
outer loop
vertex -6.71060219021305 -5.42191732519768 4.63813125792592
vertex -11.5100597527571 -5.42191732519768 5.18027842844049e-012
vertex -6.95917121344168 -5.42191732519768 4.97379956159956
endloop
endfacet
facet normal 4.73943946646705e-016 1.0 0.0
outer loop
vertex -6.95917121344168 -5.42191732519768 4.97379956159956
vertex -11.5100597527571 -5.42191732519768 5.18027842844049e-012
vertex -11.5100597527571 -5.42191732519768 11.5000000000052
endloop
endfacet
facet normal 4.73943946646705e-016 1.0 0.0
outer loop
vertex 0.389940247242895 -5.42191732519768 5.18027842844049e-012
vertex -6.38362560123308 -5.42191732519768 4.37823497157501
vertex -6.00052436068639 -5.42191732519768 4.21182220496272
endloop
endfacet
facet normal 4.73943946646705e-016 1.0 0.0
outer loop
vertex 0.389940247242895 -5.42191732519768 5.18027842844049e-012
vertex -6.00052436068639 -5.42191732519768 4.21182220496272
vertex -5.58740618501149 -5.42191732519768 4.15023371312359
endloop
endfacet
facet normal 4.73943946646705e-016 1.0 0.0
outer loop
vertex -6.95917121344168 -5.42191732519768 4.97379956159956
vertex -11.5100597527571 -5.42191732519768 11.5000000000052
vertex -7.11239310276567 -5.42191732519768 5.36236464241866
endloop
endfacet
facet normal 4.73943946646705e-016 1.0 0.0
outer loop
vertex -7.11239310276567 -5.42191732519768 5.36236464241866
vertex -11.5100597527571 -5.42191732519768 11.5000000000052
vertex -7.15982603963872 -5.42191732519768 5.77734643225958
endloop
endfacet
facet normal 4.73943946646705e-016 1.0 0.0
outer loop
vertex -7.15982603963872 -5.42191732519768 5.77734643225958
vertex -11.5100597527571 -5.42191732519768 11.5000000000052
vertex -7.09823754779957 -5.42191732519768 6.19046460793447
endloop
endfacet
facet normal 4.73943946646705e-016 1.0 0.0
outer loop
vertex -7.09823754779957 -5.42191732519768 6.19046460793447
vertex -11.5100597527571 -5.42191732519768 11.5000000000052
vertex -6.93182478118728 -5.42191732519768 6.57356584848116
endloop
endfacet
facet normal 4.73943946646705e-016 1.0 0.0
outer loop
vertex -6.93182478118728 -5.42191732519768 6.57356584848116
vertex -11.5100597527571 -5.42191732519768 11.5000000000052
vertex -6.67192849483638 -5.42191732519768 6.90054243746113
endloop
endfacet
facet normal 4.73943946646705e-016 1.0 0.0
outer loop
vertex -6.67192849483638 -5.42191732519768 6.90054243746113
vertex -11.5100597527571 -5.42191732519768 11.5000000000052
vertex -6.33626019116275 -5.42191732519768 7.14911146068976
endloop
endfacet
facet normal 4.73943946646705e-016 1.0 0.0
outer loop
vertex -6.33626019116275 -5.42191732519768 7.14911146068976
vertex -11.5100597527571 -5.42191732519768 11.5000000000052
vertex -5.94769511034363 -5.42191732519768 7.30233335001374
endloop
endfacet
facet normal 4.73943946646705e-016 1.0 0.0
outer loop
vertex -5.94769511034363 -5.42191732519768 7.30233335001374
vertex -11.5100597527571 -5.42191732519768 11.5000000000052
vertex -5.53271332050272 -5.42191732519768 7.3497662868868
endloop
endfacet
facet normal 4.73943946646705e-016 1.0 0.0
outer loop
vertex 0.389940247242895 -5.42191732519768 5.18027842844049e-012
vertex -4.18829472432693 -5.42191732519768 4.92643415152922
vertex 0.389940247242895 -5.42191732519768 11.5000000000052
endloop
endfacet
facet normal 4.73943946646705e-016 1.0 0.0
outer loop
vertex -4.18829472432693 -5.42191732519768 4.92643415152922
vertex 0.389940247242895 -5.42191732519768 5.18027842844049e-012
vertex -4.44819101067783 -5.42191732519768 4.59945756254925
endloop
endfacet
facet normal 4.73943946646705e-016 1.0 0.0
outer loop
vertex -4.44819101067783 -5.42191732519768 4.59945756254925
vertex 0.389940247242895 -5.42191732519768 5.18027842844049e-012
vertex -4.78385931435147 -5.42191732519768 4.35088853932062
endloop
endfacet
facet normal 4.73943946646705e-016 1.0 0.0
outer loop
vertex -4.78385931435147 -5.42191732519768 4.35088853932062
vertex 0.389940247242895 -5.42191732519768 5.18027842844049e-012
vertex -5.17242439517058 -5.42191732519768 4.19766664999664
endloop
endfacet
facet normal 4.73943946646705e-016 1.0 0.0
outer loop
vertex -5.17242439517058 -5.42191732519768 4.19766664999664
vertex 0.389940247242895 -5.42191732519768 5.18027842844049e-012
vertex -5.58740618501149 -5.42191732519768 4.15023371312359
endloop
endfacet
facet normal 4.73943946646705e-016 1.0 0.0
outer loop
vertex 0.389940247242895 -5.42191732519768 11.5000000000052
vertex -4.18829472432693 -5.42191732519768 4.92643415152922
vertex -4.02188195771464 -5.42191732519768 5.30953539207591
endloop
endfacet
facet normal 4.73943946646705e-016 1.0 0.0
outer loop
vertex 0.389940247242895 -5.42191732519768 11.5000000000052
vertex -4.02188195771464 -5.42191732519768 5.30953539207591
vertex -3.9602934658755 -5.42191732519768 5.7226535677508
endloop
endfacet
facet normal 4.73943946646705e-016 1.0 0.0
outer loop
vertex 0.389940247242895 -5.42191732519768 11.5000000000052
vertex -3.9602934658755 -5.42191732519768 5.7226535677508
vertex -4.00772640274855 -5.42191732519768 6.13763535759171
endloop
endfacet
facet normal 4.73943946646705e-016 1.0 0.0
outer loop
vertex 0.389940247242895 -5.42191732519768 11.5000000000052
vertex -4.00772640274855 -5.42191732519768 6.13763535759171
vertex -4.16094829207253 -5.42191732519768 6.52620043841082
endloop
endfacet
facet normal 4.73943946646705e-016 1.0 0.0
outer loop
vertex 0.389940247242895 -5.42191732519768 11.5000000000052
vertex -4.16094829207253 -5.42191732519768 6.52620043841082
vertex -4.40951731530116 -5.42191732519768 6.86186874208446
endloop
endfacet
facet normal 4.73943946646705e-016 1.0 0.0
outer loop
vertex 0.389940247242895 -5.42191732519768 11.5000000000052
vertex -4.40951731530116 -5.42191732519768 6.86186874208446
vertex -4.73649390428114 -5.42191732519768 7.12176502843537
endloop
endfacet
facet normal 4.73943946646705e-016 1.0 0.0
outer loop
vertex 0.389940247242895 -5.42191732519768 11.5000000000052
vertex -4.73649390428114 -5.42191732519768 7.12176502843537
vertex -5.11959514482782 -5.42191732519768 7.28817779504766
endloop
endfacet
facet normal 4.73943946646705e-016 1.0 0.0
outer loop
vertex 0.389940247242895 -5.42191732519768 11.5000000000052
vertex -5.11959514482782 -5.42191732519768 7.28817779504766
vertex -5.53271332050272 -5.42191732519768 7.3497662868868
endloop
endfacet
facet normal 4.73943946646705e-016 1.0 0.0
outer loop
vertex 0.389940247242895 -5.42191732519768 11.5000000000052
vertex -5.53271332050272 -5.42191732519768 7.3497662868868
vertex -11.5100597527571 -5.42191732519768 11.5000000000052
endloop
endfacet
facet normal -0.240296114639117 -0.97069963288823 0.0
outer loop
vertex -11.3100597527571 -7.4219173251977 11.5000000000052
vertex -19.3892551600242 -5.42191732519768 5.18027842844049e-012
vertex -11.3100597527571 -7.4219173251977 5.18027842844049e-012
endloop
endfacet
facet normal -0.240296114639117 -0.97069963288823 0.0
outer loop
vertex -19.3892551600242 -5.42191732519768 5.18027842844049e-012
vertex -11.3100597527571 -7.4219173251977 11.5000000000052
vertex -19.3892551600242 -5.42191732519768 11.5000000000052
endloop
endfacet
facet normal -6.98081019308284e-016 -1.0 0.0
outer loop
vertex -19.3892551600242 -5.42191732519768 11.5000000000052
vertex -27.4684505672912 -5.42191732519768 5.18027842844049e-012
vertex -19.3892551600242 -5.42191732519768 5.18027842844049e-012
endloop
endfacet
facet normal -6.98081019308284e-016 -1.0 0.0
outer loop
vertex -27.4684505672912 -5.42191732519768 5.18027842844049e-012
vertex -19.3892551600242 -5.42191732519768 11.5000000000052
vertex -27.4684505672912 -5.42191732519768 11.5000000000052
endloop
endfacet
facet normal 0.240296114639115 -0.97069963288823 0.0
outer loop
vertex 8.26913565451 -5.42191732519768 11.5000000000052
vertex 0.189940247242895 -7.4219173251977 5.18027842844049e-012
vertex 8.26913565451 -5.42191732519768 5.18027842844049e-012
endloop
endfacet
facet normal 0.240296114639115 -0.97069963288823 0.0
outer loop
vertex 0.189940247242895 -7.4219173251977 5.18027842844049e-012
vertex 8.26913565451 -5.42191732519768 11.5000000000052
vertex 0.189940247242895 -7.4219173251977 11.5000000000052
endloop
endfacet
facet normal 0.0 -1.0 0.0
outer loop
vertex 0.389940247242895 -20.0577689766471 5.17745846195794e-012
vertex -4.78385931435147 -20.0577689766471 4.35088853932063
vertex -11.5100597527571 -20.0577689766471 5.17745846195794e-012
endloop
endfacet
facet normal 0.0 -1.0 0.0
outer loop
vertex -4.78385931435147 -20.0577689766471 4.35088853932063
vertex 0.389940247242895 -20.0577689766471 5.17745846195794e-012
vertex -4.44819101067783 -20.0577689766471 4.59945756254926
endloop
endfacet
facet normal 0.0 -1.0 0.0
outer loop
vertex -4.44819101067783 -20.0577689766471 4.59945756254926
vertex 0.389940247242895 -20.0577689766471 5.17745846195794e-012
vertex -4.18829472432693 -20.0577689766471 4.92643415152923
endloop
endfacet
facet normal 0.0 -1.0 0.0
outer loop
vertex -4.18829472432693 -20.0577689766471 4.92643415152923
vertex 0.389940247242895 -20.0577689766471 5.17745846195794e-012
vertex 0.389940247242895 -20.0577689766471 11.5000000000052
endloop
endfacet
facet normal 0.0 -1.0 0.0
outer loop
vertex -11.5100597527571 -20.0577689766471 5.17745846195794e-012
vertex -4.78385931435147 -20.0577689766471 4.35088853932063
vertex -5.17242439517058 -20.0577689766471 4.19766664999665
endloop
endfacet
facet normal 0.0 -1.0 0.0
outer loop
vertex -11.5100597527571 -20.0577689766471 5.17745846195794e-012
vertex -5.17242439517058 -20.0577689766471 4.19766664999665
vertex -5.58740618501149 -20.0577689766471 4.15023371312359
endloop
endfacet
facet normal 0.0 -1.0 0.0
outer loop
vertex -4.18829472432693 -20.0577689766471 4.92643415152923
vertex 0.389940247242895 -20.0577689766471 11.5000000000052
vertex -4.02188195771464 -20.0577689766471 5.30953539207592
endloop
endfacet
facet normal 0.0 -1.0 0.0
outer loop
vertex -4.02188195771464 -20.0577689766471 5.30953539207592
vertex 0.389940247242895 -20.0577689766471 11.5000000000052
vertex -3.9602934658755 -20.0577689766471 5.72265356775081
endloop
endfacet
facet normal 0.0 -1.0 0.0
outer loop
vertex -3.9602934658755 -20.0577689766471 5.72265356775081
vertex 0.389940247242895 -20.0577689766471 11.5000000000052
vertex -4.00772640274855 -20.0577689766471 6.13763535759173
endloop
endfacet
facet normal 0.0 -1.0 0.0
outer loop
vertex -4.00772640274855 -20.0577689766471 6.13763535759173
vertex 0.389940247242895 -20.0577689766471 11.5000000000052
vertex -4.16094829207253 -20.0577689766471 6.52620043841083
endloop
endfacet
facet normal 0.0 -1.0 0.0
outer loop
vertex -4.16094829207253 -20.0577689766471 6.52620043841083
vertex 0.389940247242895 -20.0577689766471 11.5000000000052
vertex -4.40951731530116 -20.0577689766471 6.86186874208447
endloop
endfacet
facet normal 0.0 -1.0 0.0
outer loop
vertex -4.40951731530116 -20.0577689766471 6.86186874208447
vertex 0.389940247242895 -20.0577689766471 11.5000000000052
vertex -4.73649390428114 -20.0577689766471 7.12176502843538
endloop
endfacet
facet normal 0.0 -1.0 0.0
outer loop
vertex -4.73649390428114 -20.0577689766471 7.12176502843538
vertex 0.389940247242895 -20.0577689766471 11.5000000000052
vertex -5.11959514482782 -20.0577689766471 7.28817779504767
endloop
endfacet
facet normal 0.0 -1.0 0.0
outer loop
vertex -5.11959514482782 -20.0577689766471 7.28817779504767
vertex 0.389940247242895 -20.0577689766471 11.5000000000052
vertex -5.53271332050272 -20.0577689766471 7.3497662868868
endloop
endfacet
facet normal 0.0 -1.0 0.0
outer loop
vertex -11.5100597527571 -20.0577689766471 5.17745846195794e-012
vertex -6.95917121344168 -20.0577689766471 4.97379956159956
vertex -11.5100597527571 -20.0577689766471 11.5000000000052
endloop
endfacet
facet normal 0.0 -1.0 0.0
outer loop
vertex -6.95917121344168 -20.0577689766471 4.97379956159956
vertex -11.5100597527571 -20.0577689766471 5.17745846195794e-012
vertex -6.71060219021305 -20.0577689766471 4.63813125792592
endloop
endfacet
facet normal 0.0 -1.0 0.0
outer loop
vertex -6.71060219021305 -20.0577689766471 4.63813125792592
vertex -11.5100597527571 -20.0577689766471 5.17745846195794e-012
vertex -6.38362560123308 -20.0577689766471 4.37823497157501
endloop
endfacet
facet normal 0.0 -1.0 0.0
outer loop
vertex -6.38362560123308 -20.0577689766471 4.37823497157501
vertex -11.5100597527571 -20.0577689766471 5.17745846195794e-012
vertex -6.00052436068639 -20.0577689766471 4.21182220496273
endloop
endfacet
facet normal 0.0 -1.0 0.0
outer loop
vertex -6.00052436068639 -20.0577689766471 4.21182220496273
vertex -11.5100597527571 -20.0577689766471 5.17745846195794e-012
vertex -5.58740618501149 -20.0577689766471 4.15023371312359
endloop
endfacet
facet normal 0.0 -1.0 0.0
outer loop
vertex -11.5100597527571 -20.0577689766471 11.5000000000052
vertex -6.95917121344168 -20.0577689766471 4.97379956159956
vertex -7.11239310276567 -20.0577689766471 5.36236464241867
endloop
endfacet
facet normal 0.0 -1.0 0.0
outer loop
vertex -11.5100597527571 -20.0577689766471 11.5000000000052
vertex -7.11239310276567 -20.0577689766471 5.36236464241867
vertex -7.15982603963872 -20.0577689766471 5.77734643225958
endloop
endfacet
facet normal 0.0 -1.0 0.0
outer loop
vertex -11.5100597527571 -20.0577689766471 11.5000000000052
vertex -7.15982603963872 -20.0577689766471 5.77734643225958
vertex -7.09823754779957 -20.0577689766471 6.19046460793447
endloop
endfacet
facet normal 0.0 -1.0 0.0
outer loop
vertex -11.5100597527571 -20.0577689766471 11.5000000000052
vertex -7.09823754779957 -20.0577689766471 6.19046460793447
vertex -6.9318247811873 -20.0577689766471 6.57356584848117
endloop
endfacet
facet normal 0.0 -1.0 0.0
outer loop
vertex -11.5100597527571 -20.0577689766471 11.5000000000052
vertex -6.9318247811873 -20.0577689766471 6.57356584848117
vertex -6.67192849483638 -20.0577689766471 6.90054243746114
endloop
endfacet
facet normal 0.0 -1.0 0.0
outer loop
vertex -11.5100597527571 -20.0577689766471 11.5000000000052
vertex -6.67192849483638 -20.0577689766471 6.90054243746114
vertex -6.33626019116275 -20.0577689766471 7.14911146068977
endloop
endfacet
facet normal 0.0 -1.0 0.0
outer loop
vertex -11.5100597527571 -20.0577689766471 11.5000000000052
vertex -6.33626019116275 -20.0577689766471 7.14911146068977
vertex -5.94769511034363 -20.0577689766471 7.30233335001375
endloop
endfacet
facet normal 0.0 -1.0 0.0
outer loop
vertex -11.5100597527571 -20.0577689766471 11.5000000000052
vertex -5.94769511034363 -20.0577689766471 7.30233335001375
vertex -5.53271332050272 -20.0577689766471 7.3497662868868
endloop
endfacet
facet normal 0.0 -1.0 0.0
outer loop
vertex -11.5100597527571 -20.0577689766471 11.5000000000052
vertex -5.53271332050272 -20.0577689766471 7.3497662868868
vertex 0.389940247242895 -20.0577689766471 11.5000000000052
endloop
endfacet
facet normal 0.0 -1.0 0.0
outer loop
vertex 0.189940247242895 -7.4219173251977 5.18027842844049e-012
vertex -4.78385931435147 -7.4219173251977 4.35088853932062
vertex -11.3100597527571 -7.4219173251977 5.18027842844049e-012
endloop
endfacet
facet normal 0.0 -1.0 0.0
outer loop
vertex -4.78385931435147 -7.4219173251977 4.35088853932062
vertex 0.189940247242895 -7.4219173251977 5.18027842844049e-012
vertex -4.44819101067783 -7.4219173251977 4.59945756254925
endloop
endfacet
facet normal 0.0 -1.0 0.0
outer loop
vertex -4.44819101067783 -7.4219173251977 4.59945756254925
vertex 0.189940247242895 -7.4219173251977 5.18027842844049e-012
vertex -4.18829472432693 -7.4219173251977 4.92643415152922
endloop
endfacet
facet normal 0.0 -1.0 0.0
outer loop
vertex -4.18829472432693 -7.4219173251977 4.92643415152922
vertex 0.189940247242895 -7.4219173251977 5.18027842844049e-012
vertex 0.189940247242895 -7.4219173251977 11.5000000000052
endloop
endfacet
facet normal 0.0 -1.0 0.0
outer loop
vertex -11.3100597527571 -7.4219173251977 5.18027842844049e-012
vertex -4.78385931435147 -7.4219173251977 4.35088853932062
vertex -5.17242439517058 -7.4219173251977 4.19766664999664
endloop
endfacet
facet normal 0.0 -1.0 0.0
outer loop
vertex -11.3100597527571 -7.4219173251977 5.18027842844049e-012
vertex -5.17242439517058 -7.4219173251977 4.19766664999664
vertex -5.58740618501149 -7.4219173251977 4.15023371312359
endloop
endfacet
facet normal 0.0 -1.0 0.0
outer loop
vertex -4.18829472432693 -7.4219173251977 4.92643415152922
vertex 0.189940247242895 -7.4219173251977 11.5000000000052
vertex -4.02188195771464 -7.4219173251977 5.30953539207591
endloop
endfacet
facet normal 0.0 -1.0 0.0
outer loop
vertex -4.02188195771464 -7.4219173251977 5.30953539207591
vertex 0.189940247242895 -7.4219173251977 11.5000000000052
vertex -3.9602934658755 -7.4219173251977 5.7226535677508
endloop
endfacet
facet normal 0.0 -1.0 0.0
outer loop
vertex -3.9602934658755 -7.4219173251977 5.7226535677508
vertex 0.189940247242895 -7.4219173251977 11.5000000000052
vertex -4.00772640274855 -7.4219173251977 6.13763535759171
endloop
endfacet
facet normal 0.0 -1.0 0.0
outer loop
vertex -4.00772640274855 -7.4219173251977 6.13763535759171
vertex 0.189940247242895 -7.4219173251977 11.5000000000052
vertex -4.16094829207253 -7.4219173251977 6.52620043841082
endloop
endfacet
facet normal 0.0 -1.0 0.0
outer loop
vertex -4.16094829207253 -7.4219173251977 6.52620043841082
vertex 0.189940247242895 -7.4219173251977 11.5000000000052
vertex -4.40951731530116 -7.4219173251977 6.86186874208446
endloop
endfacet
facet normal 0.0 -1.0 0.0
outer loop
vertex -4.40951731530116 -7.4219173251977 6.86186874208446
vertex 0.189940247242895 -7.4219173251977 11.5000000000052
vertex -4.73649390428114 -7.4219173251977 7.12176502843537
endloop
endfacet
facet normal 0.0 -1.0 0.0
outer loop
vertex -4.73649390428114 -7.4219173251977 7.12176502843537
vertex 0.189940247242895 -7.4219173251977 11.5000000000052
vertex -5.11959514482782 -7.4219173251977 7.28817779504766
endloop
endfacet
facet normal 0.0 -1.0 0.0
outer loop
vertex -5.11959514482782 -7.4219173251977 7.28817779504766
vertex 0.189940247242895 -7.4219173251977 11.5000000000052
vertex -5.53271332050272 -7.4219173251977 7.3497662868868
endloop
endfacet
facet normal 0.0 -1.0 0.0
outer loop
vertex -11.3100597527571 -7.4219173251977 5.18027842844049e-012
vertex -6.95917121344168 -7.4219173251977 4.97379956159956
vertex -11.3100597527571 -7.4219173251977 11.5000000000052
endloop
endfacet
facet normal 0.0 -1.0 0.0
outer loop
vertex -6.95917121344168 -7.4219173251977 4.97379956159956
vertex -11.3100597527571 -7.4219173251977 5.18027842844049e-012
vertex -6.71060219021305 -7.4219173251977 4.63813125792592
endloop
endfacet
facet normal 0.0 -1.0 0.0
outer loop
vertex -6.71060219021305 -7.4219173251977 4.63813125792592
vertex -11.3100597527571 -7.4219173251977 5.18027842844049e-012
vertex -6.38362560123308 -7.4219173251977 4.37823497157501
endloop
endfacet
facet normal 0.0 -1.0 0.0
outer loop
vertex -6.38362560123308 -7.4219173251977 4.37823497157501
vertex -11.3100597527571 -7.4219173251977 5.18027842844049e-012
vertex -6.00052436068639 -7.4219173251977 4.21182220496272
endloop
endfacet
facet normal 0.0 -1.0 0.0
outer loop
vertex -6.00052436068639 -7.4219173251977 4.21182220496272
vertex -11.3100597527571 -7.4219173251977 5.18027842844049e-012
vertex -5.58740618501149 -7.4219173251977 4.15023371312359
endloop
endfacet
facet normal 0.0 -1.0 0.0
outer loop
vertex -11.3100597527571 -7.4219173251977 11.5000000000052
vertex -6.95917121344168 -7.4219173251977 4.97379956159956
vertex -7.11239310276567 -7.4219173251977 5.36236464241866
endloop
endfacet
facet normal 0.0 -1.0 0.0
outer loop
vertex -11.3100597527571 -7.4219173251977 11.5000000000052
vertex -7.11239310276567 -7.4219173251977 5.36236464241866
vertex -7.15982603963872 -7.4219173251977 5.77734643225958
endloop
endfacet
facet normal 0.0 -1.0 0.0
outer loop
vertex -11.3100597527571 -7.4219173251977 11.5000000000052
vertex -7.15982603963872 -7.4219173251977 5.77734643225958
vertex -7.09823754779957 -7.4219173251977 6.19046460793447
endloop
endfacet
facet normal 0.0 -1.0 0.0
outer loop
vertex -11.3100597527571 -7.4219173251977 11.5000000000052
vertex -7.09823754779957 -7.4219173251977 6.19046460793447
vertex -6.93182478118728 -7.4219173251977 6.57356584848116
endloop
endfacet
facet normal 0.0 -1.0 0.0
outer loop
vertex -11.3100597527571 -7.4219173251977 11.5000000000052
vertex -6.93182478118728 -7.4219173251977 6.57356584848116
vertex -6.67192849483638 -7.4219173251977 6.90054243746113
endloop
endfacet
facet normal 0.0 -1.0 0.0
outer loop
vertex -11.3100597527571 -7.4219173251977 11.5000000000052
vertex -6.67192849483638 -7.4219173251977 6.90054243746113
vertex -6.33626019116275 -7.4219173251977 7.14911146068976
endloop
endfacet
facet normal 0.0 -1.0 0.0
outer loop
vertex -11.3100597527571 -7.4219173251977 11.5000000000052
vertex -6.33626019116275 -7.4219173251977 7.14911146068976
vertex -5.94769511034363 -7.4219173251977 7.30233335001374
endloop
endfacet
facet normal 0.0 -1.0 0.0
outer loop
vertex -11.3100597527571 -7.4219173251977 11.5000000000052
vertex -5.94769511034363 -7.4219173251977 7.30233335001374
vertex -5.53271332050272 -7.4219173251977 7.3497662868868
endloop
endfacet
facet normal 0.0 -1.0 0.0
outer loop
vertex -11.3100597527571 -7.4219173251977 11.5000000000052
vertex -5.53271332050272 -7.4219173251977 7.3497662868868
vertex 0.189940247242895 -7.4219173251977 11.5000000000052
endloop
endfacet
facet normal 0.0 1.0 0.0
outer loop
vertex -20.4836640500173 -19.3077689766471 11.5000000000052
vertex -19.3892551600242 -19.3077689766471 5.18027842844049e-012
vertex -20.4836640500173 -19.3077689766471 5.18027842844049e-012
endloop
endfacet
facet normal 0.0 1.0 0.0
outer loop
vertex -19.3892551600242 -19.3077689766471 5.18027842844049e-012
vertex -20.4836640500173 -19.3077689766471 11.5000000000052
vertex -19.3892551600242 -19.3077689766471 11.5000000000052
endloop
endfacet
facet normal 1.24602482813725e-016 2.47771095648681e-016 1.0
outer loop
vertex -13.0100597527571 -23.4972374667708 11.5000000000052
vertex -14.5100597527571 -21.2116754261155 11.5000000000052
vertex -14.5100597527571 -23.4972374667708 11.5000000000052
endloop
endfacet
facet normal 1.24602482813725e-016 2.47771095648681e-016 1.0
outer loop
vertex 1.88994024724289 -21.4972375785562 11.5000000000052
vertex 0.389940247242895 -20.0577689766471 11.5000000000052
vertex 0.389940247242895 -21.4972375785562 11.5000000000052
endloop
endfacet
facet normal 1.24602482813725e-016 2.47771095648681e-016 1.0
outer loop
vertex 3.38994024724291 -23.4972374667708 11.5000000000052
vertex 1.88994024724289 -21.4972375785562 11.5000000000052
vertex 1.88994024724289 -23.4972374667708 11.5000000000052
endloop
endfacet
facet normal 1.24602482813725e-016 2.47771095648681e-016 1.0
outer loop
vertex -37.2985994282096 -19.0662767329794 11.5000000000052
vertex -36.772116313201 -16.2014835386553 11.5000000000052
vertex -36.9438174168148 -13.8650705031037 11.5000000000052
endloop
endfacet
facet normal 1.24602482813725e-016 2.47771095648681e-016 1.0
outer loop
vertex -36.772116313201 -16.2014835386553 11.5000000000052
vertex -37.2985994282096 -19.0662767329794 11.5000000000052
vertex -35.7686381909123 -21.3172873053566 11.5000000000052
endloop
endfacet
facet normal 1.24602482813725e-016 2.47771095648681e-016 1.0
outer loop
vertex -36.772116313201 -16.2014835386553 11.5000000000052
vertex -35.7686381909123 -21.3172873053566 11.5000000000052
vertex -36.0015575919916 -18.4138457148927 11.5000000000052
endloop
endfacet
facet normal 1.24602482813725e-016 2.47771095648681e-016 1.0
outer loop
vertex -36.0015575919916 -18.4138457148927 11.5000000000052
vertex -35.7686381909123 -21.3172873053566 11.5000000000052
vertex -34.6846535566284 -20.3513882056066 11.5000000000052
endloop
endfacet
facet normal 1.24602482813725e-016 2.47771095648681e-016 1.0
outer loop
vertex -34.6846535566284 -20.3513882056066 11.5000000000052
vertex -35.7686381909123 -21.3172873053566 11.5000000000052
vertex -33.7082047117273 -23.0956134459843 11.5000000000052
endloop
endfacet
facet normal 1.24602482813725e-016 2.47771095648681e-016 1.0
outer loop
vertex -34.6846535566284 -20.3513882056066 11.5000000000052
vertex -33.7082047117273 -23.0956134459843 11.5000000000052
vertex -32.9111490408346 -21.8820706919953 11.5000000000052
endloop
endfacet
facet normal 1.24602482813725e-016 2.47771095648681e-016 1.0
outer loop
vertex -32.9111490408346 -21.8820706919953 11.5000000000052
vertex -33.7082047117273 -23.0956134459843 11.5000000000052
vertex -31.2577141272338 -24.2800651672016 11.5000000000052
endloop
endfacet
facet normal 1.24602482813725e-016 2.47771095648681e-016 1.0
outer loop
vertex -32.9111490408346 -21.8820706919953 11.5000000000052
vertex -31.2577141272338 -24.2800651672016 11.5000000000052
vertex -30.8019054465069 -22.9015796921837 11.5000000000052
endloop
endfacet
facet normal 1.24602482813725e-016 2.47771095648681e-016 1.0
outer loop
vertex -30.8019054465069 -22.9015796921837 11.5000000000052
vertex -31.2577141272338 -24.2800651672016 11.5000000000052
vertex -28.5841633211378 -24.7899240416067 11.5000000000052
endloop
endfacet
facet normal 1.24602482813725e-016 2.47771095648681e-016 1.0
outer loop
vertex -30.8019054465069 -22.9015796921837 11.5000000000052
vertex -28.5841633211378 -24.7899240416067 11.5000000000052
vertex -28.5006642389088 -23.3404373526273 11.5000000000052
endloop
endfacet
facet normal 1.24602482813725e-016 2.47771095648681e-016 1.0
outer loop
vertex -28.5006642389088 -23.3404373526273 11.5000000000052
vertex -28.5841633211378 -24.7899240416067 11.5000000000052
vertex -25.8697503626232 -24.5904440294903 11.5000000000052
endloop
endfacet
facet normal 1.24602482813725e-016 2.47771095648681e-016 1.0
outer loop
vertex -28.5006642389088 -23.3404373526273 11.5000000000052
vertex -25.8697503626232 -24.5904440294903 11.5000000000052
vertex -26.1642512033572 -23.1687362490135 11.5000000000052
endloop
endfacet
facet normal 1.24602482813725e-016 2.47771095648681e-016 1.0
outer loop
vertex -26.1642512033572 -23.1687362490135 11.5000000000052
vertex -25.8697503626232 -24.5904440294903 11.5000000000052
vertex -23.9518890271198 -22.398177527804 11.5000000000052
endloop
endfacet
facet normal 1.24602482813725e-016 2.47771095648681e-016 1.0
outer loop
vertex -23.9518890271198 -22.398177527804 11.5000000000052
vertex -25.8697503626232 -24.5904440294903 11.5000000000052
vertex -23.2994580090332 -23.6952193640221 11.5000000000052
endloop
endfacet
facet normal 1.24602482813725e-016 2.47771095648681e-016 1.0
outer loop
vertex -23.9518890271198 -22.398177527804 11.5000000000052
vertex -23.2994580090332 -23.6952193640221 11.5000000000052
vertex -22.0143465364059 -21.0812734924409 11.5000000000052
endloop
endfacet
facet normal 1.24602482813725e-016 2.47771095648681e-016 1.0
outer loop
vertex -22.0143465364059 -21.0812734924409 11.5000000000052
vertex -23.2994580090332 -23.6952193640221 11.5000000000052
vertex -21.0484474366559 -22.1652581267248 11.5000000000052
endloop
endfacet
facet normal 1.24602482813725e-016 2.47771095648681e-016 1.0
outer loop
vertex -22.0143465364059 -21.0812734924409 11.5000000000052
vertex -21.0484474366559 -22.1652581267248 11.5000000000052
vertex -20.4836640500173 -19.3077689766471 11.5000000000052
endloop
endfacet
facet normal 1.24602482813725e-016 2.47771095648681e-016 1.0
outer loop
vertex -20.4836640500173 -19.3077689766471 11.5000000000052
vertex -21.0484474366559 -22.1652581267248 11.5000000000052
vertex -19.8245772975661 -20.7472375785562 11.5000000000052
endloop
endfacet
facet normal 1.24602482813725e-016 2.47771095648681e-016 1.0
outer loop
vertex -20.4836640500173 -19.3077689766471 11.5000000000052
vertex -19.8245772975661 -20.7472375785562 11.5000000000052
vertex -19.3892551600242 -19.3077689766471 11.5000000000052
endloop
endfacet
facet normal 1.24602482813725e-016 2.47771095648681e-016 1.0
outer loop
vertex -19.3892551600242 -19.3077689766471 11.5000000000052
vertex -19.8245772975661 -20.7472375785562 11.5000000000052
vertex -19.3892551600242 -20.7472375785562 11.5000000000052
endloop
endfacet
facet normal 1.24602482813725e-016 2.47771095648681e-016 1.0
outer loop
vertex -19.3892551600242 -19.3077689766471 11.5000000000052
vertex -19.3892551600242 -20.7472375785562 11.5000000000052
vertex -14.5100597527571 -21.2116754261155 11.5000000000052
endloop
endfacet
facet normal 1.24602482813725e-016 2.47771095648681e-016 1.0
outer loop
vertex -19.3892551600242 -19.3077689766471 11.5000000000052
vertex -14.5100597527571 -21.2116754261155 11.5000000000052
vertex -11.3100597527571 -18.0577689766471 11.5000000000052
endloop
endfacet
facet normal 1.24602482813725e-016 2.47771095648681e-016 1.0
outer loop
vertex -11.3100597527571 -18.0577689766471 11.5000000000052
vertex -14.5100597527571 -21.2116754261155 11.5000000000052
vertex -13.0100597527571 -21.4972375785562 11.5000000000052
endloop
endfacet
facet normal 1.24602482813725e-016 2.47771095648681e-016 1.0
outer loop
vertex -13.0100597527571 -21.4972375785562 11.5000000000052
vertex -14.5100597527571 -21.2116754261155 11.5000000000052
vertex -13.0100597527571 -23.4972374667708 11.5000000000052
endloop
endfacet
facet normal 1.24602482813725e-016 2.47771095648681e-016 1.0
outer loop
vertex -11.3100597527571 -18.0577689766471 11.5000000000052
vertex -13.0100597527571 -21.4972375785562 11.5000000000052
vertex -11.5100597527571 -20.0577689766471 11.5000000000052
endloop
endfacet
facet normal 1.24602482813725e-016 2.47771095648681e-016 1.0
outer loop
vertex -11.5100597527571 -20.0577689766471 11.5000000000052
vertex -13.0100597527571 -21.4972375785562 11.5000000000052
vertex -11.5100597527571 -21.4972375785562 11.5000000000052
endloop
endfacet
facet normal 1.24602482813725e-016 2.47771095648681e-016 1.0
outer loop
vertex -11.3100597527571 -18.0577689766471 11.5000000000052
vertex -11.5100597527571 -20.0577689766471 11.5000000000052
vertex 0.389940247242895 -20.0577689766471 11.5000000000052
endloop
endfacet
facet normal 1.24602482813725e-016 2.47771095648681e-016 1.0
outer loop
vertex -11.3100597527571 -18.0577689766471 11.5000000000052
vertex 0.389940247242895 -20.0577689766471 11.5000000000052
vertex 0.189940247242895 -18.0577689766471 11.5000000000052
endloop
endfacet
facet normal 1.24602482813725e-016 2.47771095648681e-016 1.0
outer loop
vertex 0.189940247242895 -18.0577689766471 11.5000000000052
vertex 0.389940247242895 -20.0577689766471 11.5000000000052
vertex 8.26913565451 -19.3077689766471 11.5000000000052
endloop
endfacet
facet normal 1.24602482813725e-016 2.47771095648681e-016 1.0
outer loop
vertex 8.26913565451 -19.3077689766471 11.5000000000052
vertex 0.389940247242895 -20.0577689766471 11.5000000000052
vertex 1.88994024724289 -21.4972375785562 11.5000000000052
endloop
endfacet
facet normal 1.24602482813725e-016 2.47771095648681e-016 1.0
outer loop
vertex 8.26913565451 -19.3077689766471 11.5000000000052
vertex 1.88994024724289 -21.4972375785562 11.5000000000052
vertex 3.38994024724291 -21.2116754261155 11.5000000000052
endloop
endfacet
facet normal 1.24602482813725e-016 2.47771095648681e-016 1.0
outer loop
vertex 3.38994024724291 -21.2116754261155 11.5000000000052
vertex 1.88994024724289 -21.4972375785562 11.5000000000052
vertex 3.38994024724291 -23.4972374667708 11.5000000000052
endloop
endfacet
facet normal 1.24602482813725e-016 2.47771095648681e-016 1.0
outer loop
vertex 8.26913565451 -19.3077689766471 11.5000000000052
vertex 3.38994024724291 -21.2116754261155 11.5000000000052
vertex 8.26913565451 -20.7472375785562 11.5000000000052
endloop
endfacet
facet normal 1.24602482813725e-016 2.47771095648681e-016 1.0
outer loop
vertex 8.26913565451 -19.3077689766471 11.5000000000052
vertex 8.26913565451 -20.7472375785562 11.5000000000052
vertex 8.70445779205193 -20.7472375785562 11.5000000000052
endloop
endfacet
facet normal 1.24602482813725e-016 2.47771095648681e-016 1.0
outer loop
vertex 8.26913565451 -19.3077689766471 11.5000000000052
vertex 8.70445779205193 -20.7472375785562 11.5000000000052
vertex 9.36354454450316 -19.3077689766471 11.5000000000052
endloop
endfacet
facet normal 1.24602482813725e-016 2.47771095648681e-016 1.0
outer loop
vertex 9.36354454450316 -19.3077689766471 11.5000000000052
vertex 8.70445779205193 -20.7472375785562 11.5000000000052
vertex 9.92832793114178 -22.1652581267248 11.5000000000052
endloop
endfacet
facet normal 1.24602482813725e-016 2.47771095648681e-016 1.0
outer loop
vertex 9.36354454450316 -19.3077689766471 11.5000000000052
vertex 9.92832793114178 -22.1652581267248 11.5000000000052
vertex 10.8942270308918 -21.0812734924409 11.5000000000052
endloop
endfacet
facet normal 1.24602482813725e-016 2.47771095648681e-016 1.0
outer loop
vertex 10.8942270308918 -21.0812734924409 11.5000000000052
vertex 9.92832793114178 -22.1652581267248 11.5000000000052
vertex 12.179338503519 -23.6952193640221 11.5000000000052
endloop
endfacet
facet normal 1.24602482813725e-016 2.47771095648681e-016 1.0
outer loop
vertex 10.8942270308918 -21.0812734924409 11.5000000000052
vertex 12.179338503519 -23.6952193640221 11.5000000000052
vertex 12.8317695216057 -22.398177527804 11.5000000000052
endloop
endfacet
facet normal 1.24602482813725e-016 2.47771095648681e-016 1.0
outer loop
vertex 12.8317695216057 -22.398177527804 11.5000000000052
vertex 12.179338503519 -23.6952193640221 11.5000000000052
vertex 14.749630857109 -24.5904440294903 11.5000000000052
endloop
endfacet
facet normal 1.24602482813725e-016 2.47771095648681e-016 1.0
outer loop
vertex 12.8317695216057 -22.398177527804 11.5000000000052
vertex 14.749630857109 -24.5904440294903 11.5000000000052
vertex 15.0441316978431 -23.1687362490135 11.5000000000052
endloop
endfacet
facet normal 1.24602482813725e-016 2.47771095648681e-016 1.0
outer loop
vertex 15.0441316978431 -23.1687362490135 11.5000000000052
vertex 14.749630857109 -24.5904440294903 11.5000000000052
vertex 17.4640438156237 -24.7899240416067 11.5000000000052
endloop
endfacet
facet normal 1.24602482813725e-016 2.47771095648681e-016 1.0
outer loop
vertex 15.0441316978431 -23.1687362490135 11.5000000000052
vertex 17.4640438156237 -24.7899240416067 11.5000000000052
vertex 17.3805447333946 -23.3404373526273 11.5000000000052
endloop
endfacet
facet normal 1.24602482813725e-016 2.47771095648681e-016 1.0
outer loop
vertex 17.3805447333946 -23.3404373526273 11.5000000000052
vertex 17.4640438156237 -24.7899240416067 11.5000000000052
vertex 19.6817859409928 -22.9015796921837 11.5000000000052
endloop
endfacet
facet normal 1.24602482813725e-016 2.47771095648681e-016 1.0
outer loop
vertex 19.6817859409928 -22.9015796921837 11.5000000000052
vertex 17.4640438156237 -24.7899240416067 11.5000000000052
vertex 20.1375946217196 -24.2800651672016 11.5000000000052
endloop
endfacet
facet normal 1.24602482813725e-016 2.47771095648681e-016 1.0
outer loop
vertex 19.6817859409928 -22.9015796921837 11.5000000000052
vertex 20.1375946217196 -24.2800651672016 11.5000000000052
vertex 21.7910295353204 -21.8820706919953 11.5000000000052
endloop
endfacet
facet normal 1.24602482813725e-016 2.47771095648681e-016 1.0
outer loop
vertex 21.7910295353204 -21.8820706919953 11.5000000000052
vertex 20.1375946217196 -24.2800651672016 11.5000000000052
vertex 22.5880852062132 -23.0956134459843 11.5000000000052
endloop
endfacet
facet normal 1.24602482813725e-016 2.47771095648681e-016 1.0
outer loop
vertex 21.7910295353204 -21.8820706919953 11.5000000000052
vertex 22.5880852062132 -23.0956134459843 11.5000000000052
vertex 23.5645340511143 -20.3513882056066 11.5000000000052
endloop
endfacet
facet normal 1.24602482813725e-016 2.47771095648681e-016 1.0
outer loop
vertex 23.5645340511143 -20.3513882056066 11.5000000000052
vertex 22.5880852062132 -23.0956134459843 11.5000000000052
vertex 24.6485186853982 -21.3172873053565 11.5000000000052
endloop
endfacet
facet normal 1.24602482813725e-016 2.47771095648681e-016 1.0
outer loop
vertex 23.5645340511143 -20.3513882056066 11.5000000000052
vertex 24.6485186853982 -21.3172873053565 11.5000000000052
vertex 24.8814380864775 -18.4138457148927 11.5000000000052
endloop
endfacet
facet normal 1.24602482813725e-016 2.47771095648681e-016 1.0
outer loop
vertex 24.8814380864775 -18.4138457148927 11.5000000000052
vertex 24.6485186853982 -21.3172873053565 11.5000000000052
vertex 26.1784799226955 -19.0662767329794 11.5000000000052
endloop
endfacet
facet normal 1.24602482813725e-016 2.47771095648681e-016 1.0
outer loop
vertex 24.8814380864775 -18.4138457148927 11.5000000000052
vertex 26.1784799226955 -19.0662767329794 11.5000000000052
vertex 25.6519968076869 -16.2014835386553 11.5000000000052
endloop
endfacet
facet normal 1.24602482813725e-016 2.47771095648681e-016 1.0
outer loop
vertex 25.6519968076869 -16.2014835386553 11.5000000000052
vertex 26.1784799226955 -19.0662767329794 11.5000000000052
vertex 25.8236979113006 -13.8650705031037 11.5000000000052
endloop
endfacet
facet normal 1.24602482813725e-016 2.47771095648681e-016 1.0
outer loop
vertex -11.3100597527571 -7.4219173251977 11.5000000000052
vertex -11.5100597527571 -5.42191732519768 11.5000000000052
vertex -19.3892551600242 -5.42191732519768 11.5000000000052
endloop
endfacet
facet normal 1.24602482813725e-016 2.47771095648681e-016 1.0
outer loop
vertex -11.5100597527571 -5.42191732519768 11.5000000000052
vertex -11.3100597527571 -7.4219173251977 11.5000000000052
vertex 0.389940247242895 -5.42191732519768 11.5000000000052
endloop
endfacet
facet normal 1.24602482813725e-016 2.47771095648681e-016 1.0
outer loop
vertex 0.389940247242895 -5.42191732519768 11.5000000000052
vertex -11.3100597527571 -7.4219173251977 11.5000000000052
vertex 0.189940247242895 -7.4219173251977 11.5000000000052
endloop
endfacet
facet normal 1.24602482813725e-016 2.47771095648681e-016 1.0
outer loop
vertex 0.389940247242895 -5.42191732519768 11.5000000000052
vertex 0.189940247242895 -7.4219173251977 11.5000000000052
vertex 8.26913565451 -5.42191732519768 11.5000000000052
endloop
endfacet
facet normal 1.24602482813725e-016 2.47771095648681e-016 1.0
outer loop
vertex 0.389940247242895 -5.42191732519768 11.5000000000052
vertex 8.26913565451 -5.42191732519768 11.5000000000052
vertex 0.389940247242895 -3.96157000375906 11.5000000000052
endloop
endfacet
facet normal 1.24602482813725e-016 2.47771095648681e-016 1.0
outer loop
vertex 0.389940247242895 -3.96157000375906 11.5000000000052
vertex 8.26913565451 -5.42191732519768 11.5000000000052
vertex 16.1170465389303 -3.96157000375908 11.5000000000052
endloop
endfacet
facet normal 1.24602482813725e-016 2.47771095648681e-016 1.0
outer loop
vertex 16.1170465389303 -3.96157000375908 11.5000000000052
vertex 8.26913565451 -5.42191732519768 11.5000000000052
vertex 16.348331061777 -5.4219173251977 11.5000000000052
endloop
endfacet
facet normal 1.24602482813725e-016 2.47771095648681e-016 1.0
outer loop
vertex 16.1170465389303 -3.96157000375908 11.5000000000052
vertex 16.348331061777 -5.4219173251977 11.5000000000052
vertex 18.9792449380626 -4.17191064833469 11.5000000000052
endloop
endfacet
facet normal 1.24602482813725e-016 2.47771095648681e-016 1.0
outer loop
vertex 18.9792449380626 -4.17191064833469 11.5000000000052
vertex 16.348331061777 -5.4219173251977 11.5000000000052
vertex 18.6847440973286 -5.5936184288115 11.5000000000052
endloop
endfacet
facet normal 1.24602482813725e-016 2.47771095648681e-016 1.0
outer loop
vertex 18.9792449380626 -4.17191064833469 11.5000000000052
vertex 18.6847440973286 -5.5936184288115 11.5000000000052
vertex 20.8971062735661 -6.36417715002096 11.5000000000052
endloop
endfacet
facet normal 1.24602482813725e-016 2.47771095648681e-016 1.0
outer loop
vertex 18.9792449380626 -4.17191064833469 11.5000000000052
vertex 20.8971062735661 -6.36417715002096 11.5000000000052
vertex 21.5495372916527 -5.06713531380296 11.5000000000052
endloop
endfacet
facet normal 1.24602482813725e-016 2.47771095648681e-016 1.0
outer loop
vertex 21.5495372916527 -5.06713531380296 11.5000000000052
vertex 20.8971062735661 -6.36417715002096 11.5000000000052
vertex 22.83464876428 -7.68108118538415 11.5000000000052
endloop
endfacet
facet normal 1.24602482813725e-016 2.47771095648681e-016 1.0
outer loop
vertex 21.5495372916527 -5.06713531380296 11.5000000000052
vertex 22.83464876428 -7.68108118538415 11.5000000000052
vertex 23.8005478640299 -6.59709655110027 11.5000000000052
endloop
endfacet
facet normal 1.24602482813725e-016 2.47771095648681e-016 1.0
outer loop
vertex 23.8005478640299 -6.59709655110027 11.5000000000052
vertex 22.83464876428 -7.68108118538415 11.5000000000052
vertex 24.3653312506686 -9.4545857011779 11.5000000000052
endloop
endfacet
facet normal 1.24602482813725e-016 2.47771095648681e-016 1.0
outer loop
vertex 23.8005478640299 -6.59709655110027 11.5000000000052
vertex 24.3653312506686 -9.4545857011779 11.5000000000052
vertex 25.5788740046577 -8.65753003028524 11.5000000000052
endloop
endfacet
facet normal 1.24602482813725e-016 2.47771095648681e-016 1.0
outer loop
vertex 25.5788740046577 -8.65753003028524 11.5000000000052
vertex 24.3653312506686 -9.4545857011779 11.5000000000052
vertex 25.384840250857 -11.5638292955056 11.5000000000052
endloop
endfacet
facet normal 1.24602482813725e-016 2.47771095648681e-016 1.0
outer loop
vertex 25.5788740046577 -8.65753003028524 11.5000000000052
vertex 25.384840250857 -11.5638292955056 11.5000000000052
vertex 25.8236979113006 -13.8650705031037 11.5000000000052
endloop
endfacet
facet normal 1.24602482813725e-016 2.47771095648681e-016 1.0
outer loop
vertex 25.5788740046577 -8.65753003028524 11.5000000000052
vertex 25.8236979113006 -13.8650705031037 11.5000000000052
vertex 26.763325725875 -11.1080206147787 11.5000000000052
endloop
endfacet
facet normal 1.24602482813725e-016 2.47771095648681e-016 1.0
outer loop
vertex 26.763325725875 -11.1080206147787 11.5000000000052
vertex 25.8236979113006 -13.8650705031037 11.5000000000052
vertex 26.1784799226955 -19.0662767329794 11.5000000000052
endloop
endfacet
facet normal 1.24602482813725e-016 2.47771095648681e-016 1.0
outer loop
vertex 26.763325725875 -11.1080206147787 11.5000000000052
vertex 26.1784799226955 -19.0662767329794 11.5000000000052
vertex 27.0737045881637 -16.4959843793894 11.5000000000052
endloop
endfacet
facet normal 1.24602482813725e-016 2.47771095648681e-016 1.0
outer loop
vertex 26.763325725875 -11.1080206147787 11.5000000000052
vertex 27.0737045881637 -16.4959843793894 11.5000000000052
vertex 27.2731846002801 -13.7815714208747 11.5000000000052
endloop
endfacet
facet normal 1.24602482813725e-016 2.47771095648681e-016 1.0
outer loop
vertex -38.1938240936778 -16.4959843793894 11.5000000000052
vertex -37.8834452313891 -11.1080206147787 11.5000000000052
vertex -38.3933041057942 -13.7815714208747 11.5000000000052
endloop
endfacet
facet normal 1.24602482813725e-016 2.47771095648681e-016 1.0
outer loop
vertex -37.8834452313891 -11.1080206147787 11.5000000000052
vertex -38.1938240936778 -16.4959843793894 11.5000000000052
vertex -37.2985994282096 -19.0662767329794 11.5000000000052
endloop
endfacet
facet normal 1.24602482813725e-016 2.47771095648681e-016 1.0
outer loop
vertex -37.8834452313891 -11.1080206147787 11.5000000000052
vertex -37.2985994282096 -19.0662767329794 11.5000000000052
vertex -36.6989935101718 -8.65753003028522 11.5000000000052
endloop
endfacet
facet normal 1.24602482813725e-016 2.47771095648681e-016 1.0
outer loop
vertex -36.6989935101718 -8.65753003028522 11.5000000000052
vertex -37.2985994282096 -19.0662767329794 11.5000000000052
vertex -36.9438174168148 -13.8650705031037 11.5000000000052
endloop
endfacet
facet normal 1.24602482813725e-016 2.47771095648681e-016 1.0
outer loop
vertex -36.6989935101718 -8.65753003028522 11.5000000000052
vertex -36.9438174168148 -13.8650705031037 11.5000000000052
vertex -36.5049597563713 -11.5638292955056 11.5000000000052
endloop
endfacet
facet normal 1.24602482813725e-016 2.47771095648681e-016 1.0
outer loop
vertex -36.6989935101718 -8.65753003028522 11.5000000000052
vertex -36.5049597563713 -11.5638292955056 11.5000000000052
vertex -34.9206673695442 -6.59709655110024 11.5000000000052
endloop
endfacet
facet normal 1.24602482813725e-016 2.47771095648681e-016 1.0
outer loop
vertex -34.9206673695442 -6.59709655110024 11.5000000000052
vertex -36.5049597563713 -11.5638292955056 11.5000000000052
vertex -35.4854507561828 -9.45458570117788 11.5000000000052
endloop
endfacet
facet normal 1.24602482813725e-016 2.47771095648681e-016 1.0
outer loop
vertex -34.9206673695442 -6.59709655110024 11.5000000000052
vertex -35.4854507561828 -9.45458570117788 11.5000000000052
vertex -33.9547682697941 -7.68108118538415 11.5000000000052
endloop
endfacet
facet normal 1.24602482813725e-016 2.47771095648681e-016 1.0
outer loop
vertex -34.9206673695442 -6.59709655110024 11.5000000000052
vertex -33.9547682697941 -7.68108118538415 11.5000000000052
vertex -32.6696567971669 -5.06713531380296 11.5000000000052
endloop
endfacet
facet normal 1.24602482813725e-016 2.47771095648681e-016 1.0
outer loop
vertex -32.6696567971669 -5.06713531380296 11.5000000000052
vertex -33.9547682697941 -7.68108118538415 11.5000000000052
vertex -32.0172257790802 -6.36417715002096 11.5000000000052
endloop
endfacet
facet normal 1.24602482813725e-016 2.47771095648681e-016 1.0
outer loop
vertex -32.6696567971669 -5.06713531380296 11.5000000000052
vertex -32.0172257790802 -6.36417715002096 11.5000000000052
vertex -30.0993644435768 -4.17191064833469 11.5000000000052
endloop
endfacet
facet normal 1.24602482813725e-016 2.47771095648681e-016 1.0
outer loop
vertex -30.0993644435768 -4.17191064833469 11.5000000000052
vertex -32.0172257790802 -6.36417715002096 11.5000000000052
vertex -29.8048636028428 -5.5936184288115 11.5000000000052
endloop
endfacet
facet normal 1.24602482813725e-016 2.47771095648681e-016 1.0
outer loop
vertex -30.0993644435768 -4.17191064833469 11.5000000000052
vertex -29.8048636028428 -5.5936184288115 11.5000000000052
vertex -27.2371660444442 -3.96157000375904 11.5000000000052
endloop
endfacet
facet normal 1.24602482813725e-016 2.47771095648681e-016 1.0
outer loop
vertex -27.2371660444442 -3.96157000375904 11.5000000000052
vertex -29.8048636028428 -5.5936184288115 11.5000000000052
vertex -27.4684505672912 -5.42191732519768 11.5000000000052
endloop
endfacet
facet normal 1.24602482813725e-016 2.47771095648681e-016 1.0
outer loop
vertex -27.2371660444442 -3.96157000375904 11.5000000000052
vertex -27.4684505672912 -5.42191732519768 11.5000000000052
vertex -19.3892551600242 -5.42191732519768 11.5000000000052
endloop
endfacet
facet normal 1.24602482813725e-016 2.47771095648681e-016 1.0
outer loop
vertex -27.2371660444442 -3.96157000375904 11.5000000000052
vertex -19.3892551600242 -5.42191732519768 11.5000000000052
vertex -11.5100597527571 -3.96157000375906 11.5000000000052
endloop
endfacet
facet normal 1.24602482813725e-016 2.47771095648681e-016 1.0
outer loop
vertex -11.5100597527571 -3.96157000375906 11.5000000000052
vertex -19.3892551600242 -5.42191732519768 11.5000000000052
vertex -11.5100597527571 -5.42191732519768 11.5000000000052
endloop
endfacet
facet normal 1.0 0.0 0.0
outer loop
vertex -11.5100597527571 -20.0577689766471 5.17745846195794e-012
vertex -11.5100597527571 -21.4972375785562 11.5000000000052
vertex -11.5100597527571 -21.4972375785562 5.17745846195794e-012
endloop
endfacet
facet normal 1.0 0.0 0.0
outer loop
vertex -11.5100597527571 -21.4972375785562 11.5000000000052
vertex -11.5100597527571 -20.0577689766471 5.17745846195794e-012
vertex -11.5100597527571 -20.0577689766471 11.5000000000052
endloop
endfacet
facet normal -1.0 0.0 0.0
outer loop
vertex 0.389940247242895 -21.4972375785562 11.5000000000052
vertex 0.389940247242895 -20.0577689766471 5.17745846195794e-012
vertex 0.389940247242895 -21.4972375785562 5.17745846195794e-012
endloop
endfacet
facet normal -1.0 0.0 0.0
outer loop
vertex 0.389940247242895 -20.0577689766471 5.17745846195794e-012
vertex 0.389940247242895 -21.4972375785562 11.5000000000052
vertex 0.389940247242895 -20.0577689766471 11.5000000000052
endloop
endfacet
facet normal 0.0 -1.0 0.0
outer loop
vertex -19.3892551600242 -20.7472375785562 11.5000000000052
vertex -19.8245772975661 -20.7472375785562 5.18027842844049e-012
vertex -19.3892551600242 -20.7472375785562 5.18027842844049e-012
endloop
endfacet
facet normal 0.0 -1.0 0.0
outer loop
vertex -19.8245772975661 -20.7472375785562 5.18027842844049e-012
vertex -19.3892551600242 -20.7472375785562 11.5000000000052
vertex -19.8245772975661 -20.7472375785562 11.5000000000052
endloop
endfacet
facet normal -1.0 0.0 0.0
outer loop
vertex 0.389940247242895 -3.96157000375906 11.5000000000052
vertex 0.389940247242895 -5.42191732519768 5.18027842844049e-012
vertex 0.389940247242895 -5.42191732519768 11.5000000000052
endloop
endfacet
facet normal -1.0 0.0 0.0
outer loop
vertex 0.389940247242895 -5.42191732519768 5.18027842844049e-012
vertex 0.389940247242895 -3.96157000375906 11.5000000000052
vertex 0.389940247242895 -3.96157000375906 5.18027842844049e-012
endloop
endfacet
facet normal 1.07583674844436e-015 1.0 0.0
outer loop
vertex -27.2371660444442 -3.96157000375904 11.5000000000052
vertex -11.5100597527571 -3.96157000375906 5.18027842844049e-012
vertex -27.2371660444442 -3.96157000375904 5.18027842844049e-012
endloop
endfacet
facet normal 1.07583674844436e-015 1.0 0.0
outer loop
vertex -11.5100597527571 -3.96157000375906 5.18027842844049e-012
vertex -27.2371660444442 -3.96157000375904 11.5000000000052
vertex -11.5100597527571 -3.96157000375906 11.5000000000052
endloop
endfacet
facet normal 1.0 0.0 0.0
outer loop
vertex -11.5100597527571 -3.96157000375906 5.18027842844049e-012
vertex -11.5100597527571 -5.42191732519768 11.5000000000052
vertex -11.5100597527571 -5.42191732519768 5.18027842844049e-012
endloop
endfacet
facet normal 1.0 0.0 0.0
outer loop
vertex -11.5100597527571 -5.42191732519768 11.5000000000052
vertex -11.5100597527571 -3.96157000375906 5.18027842844049e-012
vertex -11.5100597527571 -3.96157000375906 11.5000000000052
endloop
endfacet
facet normal 1.07583674844434e-015 1.0 0.0
outer loop
vertex 0.389940247242895 -3.96157000375906 11.5000000000052
vertex 16.1170465389303 -3.96157000375908 5.18027842844049e-012
vertex 0.389940247242895 -3.96157000375906 5.18027842844049e-012
endloop
endfacet
facet normal 1.07583674844434e-015 1.0 0.0
outer loop
vertex 16.1170465389303 -3.96157000375908 5.18027842844049e-012
vertex 0.389940247242895 -3.96157000375906 11.5000000000052
vertex 16.1170465389303 -3.96157000375908 11.5000000000052
endloop
endfacet
facet normal -0.15289916646026 0.988241794752558 0.0
outer loop
vertex -19.3892551600242 -19.3077689766471 5.18027842844049e-012
vertex -11.3100597527571 -18.0577689766471 11.5000000000052
vertex -11.3100597527571 -18.0577689766471 5.17745846195794e-012
endloop
endfacet
facet normal -0.15289916646026 0.988241794752558 0.0
outer loop
vertex -11.3100597527571 -18.0577689766471 11.5000000000052
vertex -19.3892551600242 -19.3077689766471 5.18027842844049e-012
vertex -19.3892551600242 -19.3077689766471 11.5000000000052
endloop
endfacet
facet normal 6.06925720957614e-018 2.17589312514397e-017 -1.0
outer loop
vertex -37.8834452313891 -11.1080206147787 5.18027842844049e-012
vertex -38.1938240936778 -16.4959843793894 5.18027842844049e-012
vertex -38.3933041057942 -13.7815714208747 5.18027842844049e-012
endloop
endfacet
facet normal 6.06925720957614e-018 2.17589312514397e-017 -1.0
outer loop
vertex -38.1938240936778 -16.4959843793894 5.18027842844049e-012
vertex -37.8834452313891 -11.1080206147787 5.18027842844049e-012
vertex -37.2985994282096 -19.0662767329794 5.18027842844049e-012
endloop
endfacet
facet normal 6.06925720957614e-018 2.17589312514397e-017 -1.0
outer loop
vertex -37.2985994282096 -19.0662767329794 5.18027842844049e-012
vertex -37.8834452313891 -11.1080206147787 5.18027842844049e-012
vertex -36.6989935101718 -8.65753003028522 5.17745846195794e-012
endloop
endfacet
facet normal 6.06925720957614e-018 2.17589312514397e-017 -1.0
outer loop
vertex -37.2985994282096 -19.0662767329794 5.18027842844049e-012
vertex -36.6989935101718 -8.65753003028522 5.17745846195794e-012
vertex -36.9438174168148 -13.8650705031037 5.18027842844049e-012
endloop
endfacet
facet normal 6.06925720957614e-018 2.17589312514397e-017 -1.0
outer loop
vertex -36.9438174168148 -13.8650705031037 5.18027842844049e-012
vertex -36.6989935101718 -8.65753003028522 5.17745846195794e-012
vertex -36.5049597563713 -11.5638292955056 5.18027842844049e-012
endloop
endfacet
facet normal 6.06925720957614e-018 2.17589312514397e-017 -1.0
outer loop
vertex -36.5049597563713 -11.5638292955056 5.18027842844049e-012
vertex -36.6989935101718 -8.65753003028522 5.17745846195794e-012
vertex -34.9206673695442 -6.59709655110024 5.18027842844049e-012
endloop
endfacet
facet normal 6.06925720957614e-018 2.17589312514397e-017 -1.0
outer loop
vertex -36.5049597563713 -11.5638292955056 5.18027842844049e-012
vertex -34.9206673695442 -6.59709655110024 5.18027842844049e-012
vertex -35.4854507561828 -9.45458570117788 5.17745846195794e-012
endloop
endfacet
facet normal 6.06925720957614e-018 2.17589312514397e-017 -1.0
outer loop
vertex -35.4854507561828 -9.45458570117788 5.17745846195794e-012
vertex -34.9206673695442 -6.59709655110024 5.18027842844049e-012
vertex -33.9547682697941 -7.68108118538415 5.18027842844049e-012
endloop
endfacet
facet normal 6.06925720957614e-018 2.17589312514397e-017 -1.0
outer loop
vertex -33.9547682697941 -7.68108118538415 5.18027842844049e-012
vertex -34.9206673695442 -6.59709655110024 5.18027842844049e-012
vertex -32.6696567971669 -5.06713531380296 5.17745846195794e-012
endloop
endfacet
facet normal 6.06925720957614e-018 2.17589312514397e-017 -1.0
outer loop
vertex -33.9547682697941 -7.68108118538415 5.18027842844049e-012
vertex -32.6696567971669 -5.06713531380296 5.17745846195794e-012
vertex -32.0172257790802 -6.36417715002096 5.17745846195794e-012
endloop
endfacet
facet normal 6.06925720957614e-018 2.17589312514397e-017 -1.0
outer loop
vertex -32.0172257790802 -6.36417715002096 5.17745846195794e-012
vertex -32.6696567971669 -5.06713531380296 5.17745846195794e-012
vertex -30.0993644435768 -4.17191064833469 5.18027842844049e-012
endloop
endfacet
facet normal 6.06925720957614e-018 2.17589312514397e-017 -1.0
outer loop
vertex -32.0172257790802 -6.36417715002096 5.17745846195794e-012
vertex -30.0993644435768 -4.17191064833469 5.18027842844049e-012
vertex -29.8048636028428 -5.5936184288115 5.18027842844049e-012
endloop
endfacet
facet normal 6.06925720957614e-018 2.17589312514397e-017 -1.0
outer loop
vertex -29.8048636028428 -5.5936184288115 5.18027842844049e-012
vertex -30.0993644435768 -4.17191064833469 5.18027842844049e-012
vertex -27.2371660444442 -3.96157000375904 5.18027842844049e-012
endloop
endfacet
facet normal 6.06925720957614e-018 2.17589312514397e-017 -1.0
outer loop
vertex -29.8048636028428 -5.5936184288115 5.18027842844049e-012
vertex -27.2371660444442 -3.96157000375904 5.18027842844049e-012
vertex -27.4684505672912 -5.42191732519768 5.18027842844049e-012
endloop
endfacet
facet normal 6.06925720957614e-018 2.17589312514397e-017 -1.0
outer loop
vertex -27.4684505672912 -5.42191732519768 5.18027842844049e-012
vertex -27.2371660444442 -3.96157000375904 5.18027842844049e-012
vertex -19.3892551600242 -5.42191732519768 5.18027842844049e-012
endloop
endfacet
facet normal 6.06925720957614e-018 2.17589312514397e-017 -1.0
outer loop
vertex -19.3892551600242 -5.42191732519768 5.18027842844049e-012
vertex -27.2371660444442 -3.96157000375904 5.18027842844049e-012
vertex -11.5100597527571 -3.96157000375906 5.18027842844049e-012
endloop
endfacet
facet normal 6.06925720957614e-018 2.17589312514397e-017 -1.0
outer loop
vertex -19.3892551600242 -5.42191732519768 5.18027842844049e-012
vertex -11.5100597527571 -3.96157000375906 5.18027842844049e-012
vertex -11.5100597527571 -5.42191732519768 5.18027842844049e-012
endloop
endfacet
facet normal 6.06925720957614e-018 2.17589312514397e-017 -1.0
outer loop
vertex -19.3892551600242 -5.42191732519768 5.18027842844049e-012
vertex -11.5100597527571 -5.42191732519768 5.18027842844049e-012
vertex -11.3100597527571 -7.4219173251977 5.18027842844049e-012
endloop
endfacet
facet normal 6.06925720957614e-018 2.17589312514397e-017 -1.0
outer loop
vertex -11.3100597527571 -7.4219173251977 5.18027842844049e-012
vertex -11.5100597527571 -5.42191732519768 5.18027842844049e-012
vertex 0.389940247242895 -5.42191732519768 5.18027842844049e-012
endloop
endfacet
facet normal 6.06925720957614e-018 2.17589312514397e-017 -1.0
outer loop
vertex -11.3100597527571 -7.4219173251977 5.18027842844049e-012
vertex 0.389940247242895 -5.42191732519768 5.18027842844049e-012
vertex 0.189940247242895 -7.4219173251977 5.18027842844049e-012
endloop
endfacet
facet normal 6.06925720957614e-018 2.17589312514397e-017 -1.0
outer loop
vertex 0.189940247242895 -7.4219173251977 5.18027842844049e-012
vertex 0.389940247242895 -5.42191732519768 5.18027842844049e-012
vertex 8.26913565451 -5.42191732519768 5.18027842844049e-012
endloop
endfacet
facet normal 6.06925720957614e-018 2.17589312514397e-017 -1.0
outer loop
vertex 16.1170465389303 -3.96157000375908 5.18027842844049e-012
vertex 0.389940247242895 -5.42191732519768 5.18027842844049e-012
vertex 0.389940247242895 -3.96157000375906 5.18027842844049e-012
endloop
endfacet
facet normal 6.06925720957614e-018 2.17589312514397e-017 -1.0
outer loop
vertex 0.389940247242895 -5.42191732519768 5.18027842844049e-012
vertex 16.1170465389303 -3.96157000375908 5.18027842844049e-012
vertex 8.26913565451 -5.42191732519768 5.18027842844049e-012
endloop
endfacet
facet normal 6.06925720957614e-018 2.17589312514397e-017 -1.0
outer loop
vertex 8.26913565451 -5.42191732519768 5.18027842844049e-012
vertex 16.1170465389303 -3.96157000375908 5.18027842844049e-012
vertex 16.348331061777 -5.4219173251977 5.18027842844049e-012
endloop
endfacet
facet normal 6.06925720957614e-018 2.17589312514397e-017 -1.0
outer loop
vertex 16.348331061777 -5.4219173251977 5.18027842844049e-012
vertex 16.1170465389303 -3.96157000375908 5.18027842844049e-012
vertex 18.9792449380626 -4.17191064833469 5.18027842844049e-012
endloop
endfacet
facet normal 6.06925720957614e-018 2.17589312514397e-017 -1.0
outer loop
vertex 16.348331061777 -5.4219173251977 5.18027842844049e-012
vertex 18.9792449380626 -4.17191064833469 5.18027842844049e-012
vertex 18.6847440973286 -5.5936184288115 5.18027842844049e-012
endloop
endfacet
facet normal 6.06925720957614e-018 2.17589312514397e-017 -1.0
outer loop
vertex 18.6847440973286 -5.5936184288115 5.18027842844049e-012
vertex 18.9792449380626 -4.17191064833469 5.18027842844049e-012
vertex 20.8971062735661 -6.36417715002096 5.17745846195794e-012
endloop
endfacet
facet normal 6.06925720957614e-018 2.17589312514397e-017 -1.0
outer loop
vertex 20.8971062735661 -6.36417715002096 5.17745846195794e-012
vertex 18.9792449380626 -4.17191064833469 5.18027842844049e-012
vertex 21.5495372916527 -5.06713531380296 5.17745846195794e-012
endloop
endfacet
facet normal 6.06925720957614e-018 2.17589312514397e-017 -1.0
outer loop
vertex 20.8971062735661 -6.36417715002096 5.17745846195794e-012
vertex 21.5495372916527 -5.06713531380296 5.17745846195794e-012
vertex 22.83464876428 -7.68108118538415 5.18027842844049e-012
endloop
endfacet
facet normal 6.06925720957614e-018 2.17589312514397e-017 -1.0
outer loop
vertex 22.83464876428 -7.68108118538415 5.18027842844049e-012
vertex 21.5495372916527 -5.06713531380296 5.17745846195794e-012
vertex 23.8005478640299 -6.59709655110027 5.18027842844049e-012
endloop
endfacet
facet normal 6.06925720957614e-018 2.17589312514397e-017 -1.0
outer loop
vertex 22.83464876428 -7.68108118538415 5.18027842844049e-012
vertex 23.8005478640299 -6.59709655110027 5.18027842844049e-012
vertex 24.3653312506686 -9.4545857011779 5.17745846195794e-012
endloop
endfacet
facet normal 6.06925720957614e-018 2.17589312514397e-017 -1.0
outer loop
vertex 24.3653312506686 -9.4545857011779 5.17745846195794e-012
vertex 23.8005478640299 -6.59709655110027 5.18027842844049e-012
vertex 25.5788740046577 -8.65753003028524 5.17745846195794e-012
endloop
endfacet
facet normal 6.06925720957614e-018 2.17589312514397e-017 -1.0
outer loop
vertex 24.3653312506686 -9.4545857011779 5.17745846195794e-012
vertex 25.5788740046577 -8.65753003028524 5.17745846195794e-012
vertex 25.384840250857 -11.5638292955056 5.18027842844049e-012
endloop
endfacet
facet normal 6.06925720957614e-018 2.17589312514397e-017 -1.0
outer loop
vertex 25.384840250857 -11.5638292955056 5.18027842844049e-012
vertex 25.5788740046577 -8.65753003028524 5.17745846195794e-012
vertex 25.8236979113006 -13.8650705031037 5.18027842844049e-012
endloop
endfacet
facet normal 6.06925720957614e-018 2.17589312514397e-017 -1.0
outer loop
vertex 25.8236979113006 -13.8650705031037 5.18027842844049e-012
vertex 25.5788740046577 -8.65753003028524 5.17745846195794e-012
vertex 26.763325725875 -11.1080206147787 5.18027842844049e-012
endloop
endfacet
facet normal 6.06925720957614e-018 2.17589312514397e-017 -1.0
outer loop
vertex 25.8236979113006 -13.8650705031037 5.18027842844049e-012
vertex 26.763325725875 -11.1080206147787 5.18027842844049e-012
vertex 26.1784799226955 -19.0662767329794 5.18027842844049e-012
endloop
endfacet
facet normal 6.06925720957614e-018 2.17589312514397e-017 -1.0
outer loop
vertex 26.1784799226955 -19.0662767329794 5.18027842844049e-012
vertex 26.763325725875 -11.1080206147787 5.18027842844049e-012
vertex 27.0737045881637 -16.4959843793894 5.18027842844049e-012
endloop
endfacet
facet normal 6.06925720957614e-018 2.17589312514397e-017 -1.0
outer loop
vertex 27.0737045881637 -16.4959843793894 5.18027842844049e-012
vertex 26.763325725875 -11.1080206147787 5.18027842844049e-012
vertex 27.2731846002801 -13.7815714208747 5.18027842844049e-012
endloop
endfacet
facet normal 6.06925720957614e-018 2.17589312514397e-017 -1.0
outer loop
vertex -37.2985994282096 -19.0662767329794 5.18027842844049e-012
vertex -36.772116313201 -16.2014835386553 5.17745846195794e-012
vertex -35.7686381909123 -21.3172873053566 5.17745846195794e-012
endloop
endfacet
facet normal 6.06925720957614e-018 2.17589312514397e-017 -1.0
outer loop
vertex -36.772116313201 -16.2014835386553 5.17745846195794e-012
vertex -37.2985994282096 -19.0662767329794 5.18027842844049e-012
vertex -36.9438174168148 -13.8650705031037 5.18027842844049e-012
endloop
endfacet
facet normal 6.06925720957614e-018 2.17589312514397e-017 -1.0
outer loop
vertex -35.7686381909123 -21.3172873053566 5.17745846195794e-012
vertex -36.772116313201 -16.2014835386553 5.17745846195794e-012
vertex -36.0015575919916 -18.4138457148927 5.18027842844049e-012
endloop
endfacet
facet normal 6.06925720957614e-018 2.17589312514397e-017 -1.0
outer loop
vertex -35.7686381909123 -21.3172873053566 5.17745846195794e-012
vertex -36.0015575919916 -18.4138457148927 5.18027842844049e-012
vertex -34.6846535566284 -20.3513882056066 5.17745846195794e-012
endloop
endfacet
facet normal 6.06925720957614e-018 2.17589312514397e-017 -1.0
outer loop
vertex -35.7686381909123 -21.3172873053566 5.17745846195794e-012
vertex -34.6846535566284 -20.3513882056066 5.17745846195794e-012
vertex -33.7082047117273 -23.0956134459843 5.18027842844049e-012
endloop
endfacet
facet normal 6.06925720957614e-018 2.17589312514397e-017 -1.0
outer loop
vertex -33.7082047117273 -23.0956134459843 5.18027842844049e-012
vertex -34.6846535566284 -20.3513882056066 5.17745846195794e-012
vertex -32.9111490408346 -21.8820706919953 5.18027842844049e-012
endloop
endfacet
facet normal 6.06925720957614e-018 2.17589312514397e-017 -1.0
outer loop
vertex -33.7082047117273 -23.0956134459843 5.18027842844049e-012
vertex -32.9111490408346 -21.8820706919953 5.18027842844049e-012
vertex -31.2577141272338 -24.2800651672016 5.18027842844049e-012
endloop
endfacet
facet normal 6.06925720957614e-018 2.17589312514397e-017 -1.0
outer loop
vertex -31.2577141272338 -24.2800651672016 5.18027842844049e-012
vertex -32.9111490408346 -21.8820706919953 5.18027842844049e-012
vertex -30.8019054465069 -22.9015796921837 5.18027842844049e-012
endloop
endfacet
facet normal 6.06925720957614e-018 2.17589312514397e-017 -1.0
outer loop
vertex -31.2577141272338 -24.2800651672016 5.18027842844049e-012
vertex -30.8019054465069 -22.9015796921837 5.18027842844049e-012
vertex -28.5841633211378 -24.7899240416067 5.18027842844049e-012
endloop
endfacet
facet normal 6.06925720957614e-018 2.17589312514397e-017 -1.0
outer loop
vertex -28.5841633211378 -24.7899240416067 5.18027842844049e-012
vertex -30.8019054465069 -22.9015796921837 5.18027842844049e-012
vertex -28.5006642389088 -23.3404373526273 5.18027842844049e-012
endloop
endfacet
facet normal 6.06925720957614e-018 2.17589312514397e-017 -1.0
outer loop
vertex -28.5841633211378 -24.7899240416067 5.18027842844049e-012
vertex -28.5006642389088 -23.3404373526273 5.18027842844049e-012
vertex -25.8697503626232 -24.5904440294903 5.18027842844049e-012
endloop
endfacet
facet normal 6.06925720957614e-018 2.17589312514397e-017 -1.0
outer loop
vertex -25.8697503626232 -24.5904440294903 5.18027842844049e-012
vertex -28.5006642389088 -23.3404373526273 5.18027842844049e-012
vertex -26.1642512033572 -23.1687362490135 5.18027842844049e-012
endloop
endfacet
facet normal 6.06925720957614e-018 2.17589312514397e-017 -1.0
outer loop
vertex -25.8697503626232 -24.5904440294903 5.18027842844049e-012
vertex -26.1642512033572 -23.1687362490135 5.18027842844049e-012
vertex -23.9518890271198 -22.398177527804 5.17745846195794e-012
endloop
endfacet
facet normal 6.06925720957614e-018 2.17589312514397e-017 -1.0
outer loop
vertex -25.8697503626232 -24.5904440294903 5.18027842844049e-012
vertex -23.9518890271198 -22.398177527804 5.17745846195794e-012
vertex -23.2994580090332 -23.6952193640221 5.18027842844049e-012
endloop
endfacet
facet normal 6.06925720957614e-018 2.17589312514397e-017 -1.0
outer loop
vertex -23.2994580090332 -23.6952193640221 5.18027842844049e-012
vertex -23.9518890271198 -22.398177527804 5.17745846195794e-012
vertex -22.0143465364059 -21.0812734924409 5.17745846195794e-012
endloop
endfacet
facet normal 6.06925720957614e-018 2.17589312514397e-017 -1.0
outer loop
vertex -23.2994580090332 -23.6952193640221 5.18027842844049e-012
vertex -22.0143465364059 -21.0812734924409 5.17745846195794e-012
vertex -21.0484474366559 -22.1652581267248 5.18027842844049e-012
endloop
endfacet
facet normal 6.06925720957614e-018 2.17589312514397e-017 -1.0
outer loop
vertex -21.0484474366559 -22.1652581267248 5.18027842844049e-012
vertex -22.0143465364059 -21.0812734924409 5.17745846195794e-012
vertex -20.4836640500173 -19.3077689766471 5.18027842844049e-012
endloop
endfacet
facet normal 6.06925720957614e-018 2.17589312514397e-017 -1.0
outer loop
vertex -21.0484474366559 -22.1652581267248 5.18027842844049e-012
vertex -20.4836640500173 -19.3077689766471 5.18027842844049e-012
vertex -19.8245772975661 -20.7472375785562 5.18027842844049e-012
endloop
endfacet
facet normal 6.06925720957614e-018 2.17589312514397e-017 -1.0
outer loop
vertex -19.8245772975661 -20.7472375785562 5.18027842844049e-012
vertex -20.4836640500173 -19.3077689766471 5.18027842844049e-012
vertex -19.3892551600242 -19.3077689766471 5.18027842844049e-012
endloop
endfacet
facet normal 6.06925720957614e-018 2.17589312514397e-017 -1.0
outer loop
vertex -19.8245772975661 -20.7472375785562 5.18027842844049e-012
vertex -19.3892551600242 -19.3077689766471 5.18027842844049e-012
vertex -19.3892551600242 -20.7472375785562 5.18027842844049e-012
endloop
endfacet
facet normal 6.06925720957614e-018 2.17589312514397e-017 -1.0
outer loop
vertex -19.3892551600242 -20.7472375785562 5.18027842844049e-012
vertex -19.3892551600242 -19.3077689766471 5.18027842844049e-012
vertex -11.3100597527571 -18.0577689766471 5.17745846195794e-012
endloop
endfacet
facet normal 6.06925720957614e-018 2.17589312514397e-017 -1.0
outer loop
vertex -19.3892551600242 -20.7472375785562 5.18027842844049e-012
vertex -11.3100597527571 -18.0577689766471 5.17745846195794e-012
vertex -14.5100597527571 -21.2116754261155 5.18027842844049e-012
endloop
endfacet
facet normal 6.06925720957614e-018 2.17589312514397e-017 -1.0
outer loop
vertex -14.5100597527571 -21.2116754261155 5.18027842844049e-012
vertex -11.3100597527571 -18.0577689766471 5.17745846195794e-012
vertex -14.5100597527571 -23.4972374667708 5.16617859602775e-012
endloop
endfacet
facet normal 6.06925720957614e-018 2.17589312514397e-017 -1.0
outer loop
vertex -14.5100597527571 -23.4972374667708 5.16617859602775e-012
vertex -11.3100597527571 -18.0577689766471 5.17745846195794e-012
vertex -13.0100597527571 -21.4972375785562 5.18027842844049e-012
endloop
endfacet
facet normal 6.06925720957614e-018 2.17589312514397e-017 -1.0
outer loop
vertex -13.0100597527571 -21.4972375785562 5.18027842844049e-012
vertex -11.3100597527571 -18.0577689766471 5.17745846195794e-012
vertex -11.5100597527571 -20.0577689766471 5.17745846195794e-012
endloop
endfacet
facet normal 6.06925720957614e-018 2.17589312514397e-017 -1.0
outer loop
vertex -11.5100597527571 -20.0577689766471 5.17745846195794e-012
vertex -11.3100597527571 -18.0577689766471 5.17745846195794e-012
vertex 0.389940247242895 -20.0577689766471 5.17745846195794e-012
endloop
endfacet
facet normal 6.06925720957614e-018 2.17589312514397e-017 -1.0
outer loop
vertex 0.389940247242895 -20.0577689766471 5.17745846195794e-012
vertex -11.3100597527571 -18.0577689766471 5.17745846195794e-012
vertex 0.189940247242895 -18.0577689766471 5.17745846195794e-012
endloop
endfacet
facet normal 6.06925720957614e-018 2.17589312514397e-017 -1.0
outer loop
vertex 0.389940247242895 -20.0577689766471 5.17745846195794e-012
vertex 0.189940247242895 -18.0577689766471 5.17745846195794e-012
vertex 8.26913565451 -19.3077689766471 5.18027842844049e-012
endloop
endfacet
facet normal 6.06925720957614e-018 2.17589312514397e-017 -1.0
outer loop
vertex 0.389940247242895 -20.0577689766471 5.17745846195794e-012
vertex 8.26913565451 -19.3077689766471 5.18027842844049e-012
vertex 0.389940247242895 -21.4972375785562 5.17745846195794e-012
endloop
endfacet
facet normal 6.06925720957614e-018 2.17589312514397e-017 -1.0
outer loop
vertex 0.389940247242895 -21.4972375785562 5.17745846195794e-012
vertex 8.26913565451 -19.3077689766471 5.18027842844049e-012
vertex 1.88994024724289 -21.4972375785562 5.18027842844049e-012
endloop
endfacet
facet normal 6.06925720957614e-018 2.17589312514397e-017 -1.0
outer loop
vertex 1.88994024724289 -21.4972375785562 5.18027842844049e-012
vertex 8.26913565451 -19.3077689766471 5.18027842844049e-012
vertex 3.38994024724291 -21.2116754261155 5.18027842844049e-012
endloop
endfacet
facet normal 6.06925720957614e-018 2.17589312514397e-017 -1.0
outer loop
vertex 1.88994024724289 -21.4972375785562 5.18027842844049e-012
vertex 3.38994024724291 -21.2116754261155 5.18027842844049e-012
vertex 1.88994024724289 -23.4972374667708 5.18591836140558e-012
endloop
endfacet
facet normal 6.06925720957614e-018 2.17589312514397e-017 -1.0
outer loop
vertex 3.38994024724291 -21.2116754261155 5.18027842844049e-012
vertex 8.26913565451 -19.3077689766471 5.18027842844049e-012
vertex 8.26913565451 -20.7472375785562 5.18027842844049e-012
endloop
endfacet
facet normal 6.06925720957614e-018 2.17589312514397e-017 -1.0
outer loop
vertex 8.26913565451 -20.7472375785562 5.18027842844049e-012
vertex 8.26913565451 -19.3077689766471 5.18027842844049e-012
vertex 9.36354454450316 -19.3077689766471 5.18027842844049e-012
endloop
endfacet
facet normal 6.06925720957614e-018 2.17589312514397e-017 -1.0
outer loop
vertex 8.26913565451 -20.7472375785562 5.18027842844049e-012
vertex 9.36354454450316 -19.3077689766471 5.18027842844049e-012
vertex 8.70445779205193 -20.7472375785562 5.18027842844049e-012
endloop
endfacet
facet normal 6.06925720957614e-018 2.17589312514397e-017 -1.0
outer loop
vertex 8.70445779205193 -20.7472375785562 5.18027842844049e-012
vertex 9.36354454450316 -19.3077689766471 5.18027842844049e-012
vertex 9.92832793114178 -22.1652581267248 5.18027842844049e-012
endloop
endfacet
facet normal 6.06925720957614e-018 2.17589312514397e-017 -1.0
outer loop
vertex 9.92832793114178 -22.1652581267248 5.18027842844049e-012
vertex 9.36354454450316 -19.3077689766471 5.18027842844049e-012
vertex 10.8942270308918 -21.0812734924409 5.17745846195794e-012
endloop
endfacet
facet normal 6.06925720957614e-018 2.17589312514397e-017 -1.0
outer loop
vertex 9.92832793114178 -22.1652581267248 5.18027842844049e-012
vertex 10.8942270308918 -21.0812734924409 5.17745846195794e-012
vertex 12.179338503519 -23.6952193640221 5.18027842844049e-012
endloop
endfacet
facet normal 6.06925720957614e-018 2.17589312514397e-017 -1.0
outer loop
vertex 12.179338503519 -23.6952193640221 5.18027842844049e-012
vertex 10.8942270308918 -21.0812734924409 5.17745846195794e-012
vertex 12.8317695216057 -22.398177527804 5.17745846195794e-012
endloop
endfacet
facet normal 6.06925720957614e-018 2.17589312514397e-017 -1.0
outer loop
vertex 12.179338503519 -23.6952193640221 5.18027842844049e-012
vertex 12.8317695216057 -22.398177527804 5.17745846195794e-012
vertex 14.749630857109 -24.5904440294903 5.18027842844049e-012
endloop
endfacet
facet normal 6.06925720957614e-018 2.17589312514397e-017 -1.0
outer loop
vertex 14.749630857109 -24.5904440294903 5.18027842844049e-012
vertex 12.8317695216057 -22.398177527804 5.17745846195794e-012
vertex 15.0441316978431 -23.1687362490135 5.18027842844049e-012
endloop
endfacet
facet normal 6.06925720957614e-018 2.17589312514397e-017 -1.0
outer loop
vertex 14.749630857109 -24.5904440294903 5.18027842844049e-012
vertex 15.0441316978431 -23.1687362490135 5.18027842844049e-012
vertex 17.4640438156237 -24.7899240416067 5.18027842844049e-012
endloop
endfacet
facet normal 6.06925720957614e-018 2.17589312514397e-017 -1.0
outer loop
vertex 17.4640438156237 -24.7899240416067 5.18027842844049e-012
vertex 15.0441316978431 -23.1687362490135 5.18027842844049e-012
vertex 17.3805447333946 -23.3404373526273 5.18027842844049e-012
endloop
endfacet
facet normal 6.06925720957614e-018 2.17589312514397e-017 -1.0
outer loop
vertex 17.4640438156237 -24.7899240416067 5.18027842844049e-012
vertex 17.3805447333946 -23.3404373526273 5.18027842844049e-012
vertex 19.6817859409928 -22.9015796921837 5.18027842844049e-012
endloop
endfacet
facet normal 6.06925720957614e-018 2.17589312514397e-017 -1.0
outer loop
vertex 17.4640438156237 -24.7899240416067 5.18027842844049e-012
vertex 19.6817859409928 -22.9015796921837 5.18027842844049e-012
vertex 20.1375946217196 -24.2800651672016 5.18027842844049e-012
endloop
endfacet
facet normal 6.06925720957614e-018 2.17589312514397e-017 -1.0
outer loop
vertex 20.1375946217196 -24.2800651672016 5.18027842844049e-012
vertex 19.6817859409928 -22.9015796921837 5.18027842844049e-012
vertex 21.7910295353204 -21.8820706919953 5.18027842844049e-012
endloop
endfacet
facet normal 6.06925720957614e-018 2.17589312514397e-017 -1.0
outer loop
vertex 20.1375946217196 -24.2800651672016 5.18027842844049e-012
vertex 21.7910295353204 -21.8820706919953 5.18027842844049e-012
vertex 22.5880852062132 -23.0956134459843 5.18027842844049e-012
endloop
endfacet
facet normal 6.06925720957614e-018 2.17589312514397e-017 -1.0
outer loop
vertex 22.5880852062132 -23.0956134459843 5.18027842844049e-012
vertex 21.7910295353204 -21.8820706919953 5.18027842844049e-012
vertex 23.5645340511143 -20.3513882056066 5.17745846195794e-012
endloop
endfacet
facet normal 6.06925720957614e-018 2.17589312514397e-017 -1.0
outer loop
vertex 22.5880852062132 -23.0956134459843 5.18027842844049e-012
vertex 23.5645340511143 -20.3513882056066 5.17745846195794e-012
vertex 24.6485186853982 -21.3172873053565 5.17745846195794e-012
endloop
endfacet
facet normal 6.06925720957614e-018 2.17589312514397e-017 -1.0
outer loop
vertex 24.6485186853982 -21.3172873053565 5.17745846195794e-012
vertex 23.5645340511143 -20.3513882056066 5.17745846195794e-012
vertex 24.8814380864775 -18.4138457148927 5.18027842844049e-012
endloop
endfacet
facet normal 6.06925720957614e-018 2.17589312514397e-017 -1.0
outer loop
vertex 24.6485186853982 -21.3172873053565 5.17745846195794e-012
vertex 24.8814380864775 -18.4138457148927 5.18027842844049e-012
vertex 26.1784799226955 -19.0662767329794 5.18027842844049e-012
endloop
endfacet
facet normal 6.06925720957614e-018 2.17589312514397e-017 -1.0
outer loop
vertex 26.1784799226955 -19.0662767329794 5.18027842844049e-012
vertex 24.8814380864775 -18.4138457148927 5.18027842844049e-012
vertex 25.6519968076869 -16.2014835386553 5.17745846195794e-012
endloop
endfacet
facet normal 6.06925720957614e-018 2.17589312514397e-017 -1.0
outer loop
vertex 26.1784799226955 -19.0662767329794 5.18027842844049e-012
vertex 25.6519968076869 -16.2014835386553 5.17745846195794e-012
vertex 25.8236979113006 -13.8650705031037 5.18027842844049e-012
endloop
endfacet
facet normal 6.06925720957614e-018 2.17589312514397e-017 -1.0
outer loop
vertex 3.38994024724291 -23.4972374667708 5.18591836140558e-012
vertex 1.88994024724289 -23.4972374667708 5.18591836140558e-012
vertex 3.38994024724291 -21.2116754261155 5.18027842844049e-012
endloop
endfacet
facet normal 6.06925720957614e-018 2.17589312514397e-017 -1.0
outer loop
vertex -11.5100597527571 -21.4972375785562 5.17745846195794e-012
vertex -13.0100597527571 -21.4972375785562 5.18027842844049e-012
vertex -11.5100597527571 -20.0577689766471 5.17745846195794e-012
endloop
endfacet
facet normal 6.06925720957614e-018 2.17589312514397e-017 -1.0
outer loop
vertex -13.0100597527571 -23.4972374667708 5.16617859602775e-012
vertex -14.5100597527571 -23.4972374667708 5.16617859602775e-012
vertex -13.0100597527571 -21.4972375785562 5.18027842844049e-012
endloop
endfacet
facet normal 0.0 1.0 0.0
outer loop
vertex -11.3100597527571 -18.0577689766471 5.17745846195794e-012
vertex -6.38362560123308 -18.0577689766471 4.37823497157501
vertex 0.189940247242895 -18.0577689766471 5.17745846195794e-012
endloop
endfacet
facet normal 0.0 1.0 0.0
outer loop
vertex -6.38362560123308 -18.0577689766471 4.37823497157501
vertex -11.3100597527571 -18.0577689766471 5.17745846195794e-012
vertex -6.71060219021305 -18.0577689766471 4.63813125792592
endloop
endfacet
facet normal 0.0 1.0 0.0
outer loop
vertex -6.71060219021305 -18.0577689766471 4.63813125792592
vertex -11.3100597527571 -18.0577689766471 5.17745846195794e-012
vertex -6.95917121344168 -18.0577689766471 4.97379956159956
endloop
endfacet
facet normal 0.0 1.0 0.0
outer loop
vertex -6.95917121344168 -18.0577689766471 4.97379956159956
vertex -11.3100597527571 -18.0577689766471 5.17745846195794e-012
vertex -11.3100597527571 -18.0577689766471 11.5000000000052
endloop
endfacet
facet normal 0.0 1.0 0.0
outer loop
vertex 0.189940247242895 -18.0577689766471 5.17745846195794e-012
vertex -6.38362560123308 -18.0577689766471 4.37823497157501
vertex -6.00052436068639 -18.0577689766471 4.21182220496273
endloop
endfacet
facet normal 0.0 1.0 0.0
outer loop
vertex 0.189940247242895 -18.0577689766471 5.17745846195794e-012
vertex -6.00052436068639 -18.0577689766471 4.21182220496273
vertex -5.58740618501149 -18.0577689766471 4.15023371312359
endloop
endfacet
facet normal 0.0 1.0 0.0
outer loop
vertex -6.95917121344168 -18.0577689766471 4.97379956159956
vertex -11.3100597527571 -18.0577689766471 11.5000000000052
vertex -7.11239310276567 -18.0577689766471 5.36236464241867
endloop
endfacet
facet normal 0.0 1.0 0.0
outer loop
vertex -7.11239310276567 -18.0577689766471 5.36236464241867
vertex -11.3100597527571 -18.0577689766471 11.5000000000052
vertex -7.15982603963872 -18.0577689766471 5.77734643225958
endloop
endfacet
facet normal 0.0 1.0 0.0
outer loop
vertex -7.15982603963872 -18.0577689766471 5.77734643225958
vertex -11.3100597527571 -18.0577689766471 11.5000000000052
vertex -7.09823754779957 -18.0577689766471 6.19046460793447
endloop
endfacet
facet normal 0.0 1.0 0.0
outer loop
vertex -7.09823754779957 -18.0577689766471 6.19046460793447
vertex -11.3100597527571 -18.0577689766471 11.5000000000052
vertex -6.9318247811873 -18.0577689766471 6.57356584848117
endloop
endfacet
facet normal 0.0 1.0 0.0
outer loop
vertex -6.9318247811873 -18.0577689766471 6.57356584848117
vertex -11.3100597527571 -18.0577689766471 11.5000000000052
vertex -6.67192849483638 -18.0577689766471 6.90054243746114
endloop
endfacet
facet normal 0.0 1.0 0.0
outer loop
vertex -6.67192849483638 -18.0577689766471 6.90054243746114
vertex -11.3100597527571 -18.0577689766471 11.5000000000052
vertex -6.33626019116275 -18.0577689766471 7.14911146068977
endloop
endfacet
facet normal 0.0 1.0 0.0
outer loop
vertex -6.33626019116275 -18.0577689766471 7.14911146068977
vertex -11.3100597527571 -18.0577689766471 11.5000000000052
vertex -5.94769511034363 -18.0577689766471 7.30233335001375
endloop
endfacet
facet normal 0.0 1.0 0.0
outer loop
vertex -5.94769511034363 -18.0577689766471 7.30233335001375
vertex -11.3100597527571 -18.0577689766471 11.5000000000052
vertex -5.53271332050272 -18.0577689766471 7.3497662868868
endloop
endfacet
facet normal 0.0 1.0 0.0
outer loop
vertex 0.189940247242895 -18.0577689766471 5.17745846195794e-012
vertex -4.18829472432693 -18.0577689766471 4.92643415152923
vertex 0.189940247242895 -18.0577689766471 11.5000000000052
endloop
endfacet
facet normal 0.0 1.0 0.0
outer loop
vertex -4.18829472432693 -18.0577689766471 4.92643415152923
vertex 0.189940247242895 -18.0577689766471 5.17745846195794e-012
vertex -4.44819101067783 -18.0577689766471 4.59945756254926
endloop
endfacet
facet normal 0.0 1.0 0.0
outer loop
vertex -4.44819101067783 -18.0577689766471 4.59945756254926
vertex 0.189940247242895 -18.0577689766471 5.17745846195794e-012
vertex -4.78385931435147 -18.0577689766471 4.35088853932063
endloop
endfacet
facet normal 0.0 1.0 0.0
outer loop
vertex -4.78385931435147 -18.0577689766471 4.35088853932063
vertex 0.189940247242895 -18.0577689766471 5.17745846195794e-012
vertex -5.17242439517058 -18.0577689766471 4.19766664999665
endloop
endfacet
facet normal 0.0 1.0 0.0
outer loop
vertex -5.17242439517058 -18.0577689766471 4.19766664999665
vertex 0.189940247242895 -18.0577689766471 5.17745846195794e-012
vertex -5.58740618501149 -18.0577689766471 4.15023371312359
endloop
endfacet
facet normal 0.0 1.0 0.0
outer loop
vertex 0.189940247242895 -18.0577689766471 11.5000000000052
vertex -4.18829472432693 -18.0577689766471 4.92643415152923
vertex -4.02188195771464 -18.0577689766471 5.30953539207592
endloop
endfacet
facet normal 0.0 1.0 0.0
outer loop
vertex 0.189940247242895 -18.0577689766471 11.5000000000052
vertex -4.02188195771464 -18.0577689766471 5.30953539207592
vertex -3.9602934658755 -18.0577689766471 5.72265356775081
endloop
endfacet
facet normal 0.0 1.0 0.0
outer loop
vertex 0.189940247242895 -18.0577689766471 11.5000000000052
vertex -3.9602934658755 -18.0577689766471 5.72265356775081
vertex -4.00772640274855 -18.0577689766471 6.13763535759173
endloop
endfacet
facet normal 0.0 1.0 0.0
outer loop
vertex 0.189940247242895 -18.0577689766471 11.5000000000052
vertex -4.00772640274855 -18.0577689766471 6.13763535759173
vertex -4.16094829207253 -18.0577689766471 6.52620043841083
endloop
endfacet
facet normal 0.0 1.0 0.0
outer loop
vertex 0.189940247242895 -18.0577689766471 11.5000000000052
vertex -4.16094829207253 -18.0577689766471 6.52620043841083
vertex -4.40951731530116 -18.0577689766471 6.86186874208447
endloop
endfacet
facet normal 0.0 1.0 0.0
outer loop
vertex 0.189940247242895 -18.0577689766471 11.5000000000052
vertex -4.40951731530116 -18.0577689766471 6.86186874208447
vertex -4.73649390428114 -18.0577689766471 7.12176502843538
endloop
endfacet
facet normal 0.0 1.0 0.0
outer loop
vertex 0.189940247242895 -18.0577689766471 11.5000000000052
vertex -4.73649390428114 -18.0577689766471 7.12176502843538
vertex -5.11959514482782 -18.0577689766471 7.28817779504767
endloop
endfacet
facet normal 0.0 1.0 0.0
outer loop
vertex 0.189940247242895 -18.0577689766471 11.5000000000052
vertex -5.11959514482782 -18.0577689766471 7.28817779504767
vertex -5.53271332050272 -18.0577689766471 7.3497662868868
endloop
endfacet
facet normal 0.0 1.0 0.0
outer loop
vertex 0.189940247242895 -18.0577689766471 11.5000000000052
vertex -5.53271332050272 -18.0577689766471 7.3497662868868
vertex -11.3100597527571 -18.0577689766471 11.5000000000052
endloop
endfacet
facet normal 0.15289916646026 0.988241794752558 0.0
outer loop
vertex 0.189940247242895 -18.0577689766471 11.5000000000052
vertex 8.26913565451 -19.3077689766471 5.18027842844049e-012
vertex 0.189940247242895 -18.0577689766471 5.17745846195794e-012
endloop
endfacet
facet normal 0.15289916646026 0.988241794752558 0.0
outer loop
vertex 8.26913565451 -19.3077689766471 5.18027842844049e-012
vertex 0.189940247242895 -18.0577689766471 11.5000000000052
vertex 8.26913565451 -19.3077689766471 11.5000000000052
endloop
endfacet
facet normal 9.39988827516218e-016 -1.0 2.61808239179919e-017
outer loop
vertex 1.88994024724289 -21.4972375785562 5.18027842844049e-012
vertex 0.389940247242895 -21.4972375785562 11.5000000000052
vertex 0.389940247242895 -21.4972375785562 5.17745846195794e-012
endloop
endfacet
facet normal 9.39988827516218e-016 -1.0 2.61808239179919e-017
outer loop
vertex 0.389940247242895 -21.4972375785562 11.5000000000052
vertex 1.88994024724289 -21.4972375785562 5.18027842844049e-012
vertex 1.88994024724289 -21.4972375785562 11.5000000000052
endloop
endfacet
facet normal 0.0947590633839186 -0.995500236015343 2.85342505718339e-017
outer loop
vertex 8.26913565451 -20.7472375785562 11.5000000000052
vertex 3.38994024724291 -21.2116754261155 5.18027842844049e-012
vertex 8.26913565451 -20.7472375785562 5.18027842844049e-012
endloop
endfacet
facet normal 0.0947590633839186 -0.995500236015343 2.85342505718339e-017
outer loop
vertex 3.38994024724291 -21.2116754261155 5.18027842844049e-012
vertex 8.26913565451 -20.7472375785562 11.5000000000052
vertex 3.38994024724291 -21.2116754261155 11.5000000000052
endloop
endfacet
facet normal 1.0 0.0 0.0
outer loop
vertex 3.38994024724291 -21.2116754261155 5.18027842844049e-012
vertex 3.38994024724291 -23.4972374667708 11.5000000000052
vertex 3.38994024724291 -23.4972374667708 5.18591836140558e-012
endloop
endfacet
facet normal 1.0 0.0 0.0
outer loop
vertex 3.38994024724291 -23.4972374667708 11.5000000000052
vertex 3.38994024724291 -21.2116754261155 5.18027842844049e-012
vertex 3.38994024724291 -21.2116754261155 11.5000000000052
endloop
endfacet
facet normal 0.0 -1.0 -9.64264144536804e-017
outer loop
vertex 3.38994024724291 -23.4972374667708 11.5000000000052
vertex 1.88994024724289 -23.4972374667708 5.18591836140558e-012
vertex 3.38994024724291 -23.4972374667708 5.18591836140558e-012
endloop
endfacet
facet normal 0.0 -1.0 -9.64264144536804e-017
outer loop
vertex 1.88994024724289 -23.4972374667708 5.18591836140558e-012
vertex 3.38994024724291 -23.4972374667708 11.5000000000052
vertex 1.88994024724289 -23.4972374667708 11.5000000000052
endloop
endfacet
facet normal -1.0 0.0 0.0
outer loop
vertex 1.88994024724289 -21.4972375785562 11.5000000000052
vertex 1.88994024724289 -23.4972374667708 5.18591836140558e-012
vertex 1.88994024724289 -23.4972374667708 11.5000000000052
endloop
endfacet
facet normal -1.0 0.0 0.0
outer loop
vertex 1.88994024724289 -23.4972374667708 5.18591836140558e-012
vertex 1.88994024724289 -21.4972375785562 11.5000000000052
vertex 1.88994024724289 -21.4972375785562 5.18027842844049e-012
endloop
endfacet
facet normal -9.3998882751681e-016 -1.0 2.61808239179919e-017
outer loop
vertex -11.5100597527571 -21.4972375785562 11.5000000000052
vertex -13.0100597527571 -21.4972375785562 5.18027842844049e-012
vertex -11.5100597527571 -21.4972375785562 5.17745846195794e-012
endloop
endfacet
facet normal -9.3998882751681e-016 -1.0 2.61808239179919e-017
outer loop
vertex -13.0100597527571 -21.4972375785562 5.18027842844049e-012
vertex -11.5100597527571 -21.4972375785562 11.5000000000052
vertex -13.0100597527571 -21.4972375785562 11.5000000000052
endloop
endfacet
facet normal -0.0947590633839192 -0.995500236015343 8.96117688371954e-017
outer loop
vertex -14.5100597527571 -21.2116754261155 11.5000000000052
vertex -19.3892551600242 -20.7472375785562 5.18027842844049e-012
vertex -14.5100597527571 -21.2116754261155 5.18027842844049e-012
endloop
endfacet
facet normal -0.0947590633839192 -0.995500236015343 8.96117688371954e-017
outer loop
vertex -19.3892551600242 -20.7472375785562 5.18027842844049e-012
vertex -14.5100597527571 -21.2116754261155 11.5000000000052
vertex -19.3892551600242 -20.7472375785562 11.5000000000052
endloop
endfacet
facet normal -1.0 0.0 0.0
outer loop
vertex -14.5100597527571 -21.2116754261155 11.5000000000052
vertex -14.5100597527571 -23.4972374667708 5.16617859602775e-012
vertex -14.5100597527571 -23.4972374667708 11.5000000000052
endloop
endfacet
facet normal -1.0 0.0 0.0
outer loop
vertex -14.5100597527571 -23.4972374667708 5.16617859602775e-012
vertex -14.5100597527571 -21.2116754261155 11.5000000000052
vertex -14.5100597527571 -21.2116754261155 5.18027842844049e-012
endloop
endfacet
facet normal -5.92297575751772e-028 -1.0 -9.64264144534785e-017
outer loop
vertex -13.0100597527571 -23.4972374667708 11.5000000000052
vertex -14.5100597527571 -23.4972374667708 5.16617859602775e-012
vertex -13.0100597527571 -23.4972374667708 5.16617859602775e-012
endloop
endfacet
facet normal -5.92297575751772e-028 -1.0 -9.64264144534785e-017
outer loop
vertex -14.5100597527571 -23.4972374667708 5.16617859602775e-012
vertex -13.0100597527571 -23.4972374667708 11.5000000000052
vertex -14.5100597527571 -23.4972374667708 11.5000000000052
endloop
endfacet
facet normal 1.0 -5.92297575751772e-028 -5.71131315192621e-044
outer loop
vertex -13.0100597527571 -21.4972375785562 5.18027842844049e-012
vertex -13.0100597527571 -23.4972374667708 11.5000000000052
vertex -13.0100597527571 -23.4972374667708 5.16617859602775e-012
endloop
endfacet
facet normal 1.0 -5.92297575751772e-028 -5.71131315192621e-044
outer loop
vertex -13.0100597527571 -23.4972374667708 11.5000000000052
vertex -13.0100597527571 -21.4972375785562 5.18027842844049e-012
vertex -13.0100597527571 -21.4972375785562 11.5000000000052
endloop
endfacet
facet normal -0.970208343755345 0.0 -0.242272098491573
outer loop
vertex -4.00772640274855 -18.0577689766471 6.13763535759173
vertex -3.9602934658755 -20.0577689766471 5.72265356775081
vertex -4.00772640274855 -20.0577689766471 6.13763535759173
endloop
endfacet
facet normal -0.999853929301003 0.0 0.0170915201590022
outer loop
vertex -3.9602934658755 -20.0577689766471 5.72265356775081
vertex -4.00772640274855 -18.0577689766471 6.13763535759173
vertex -3.9602934658755 -18.0577689766471 5.72265356775081
endloop
endfacet
facet normal -0.87444466292785 0.0 -0.485125274003529
outer loop
vertex -4.16094829207253 -18.0577689766471 6.52620043841083
vertex -4.00772640274855 -20.0577689766471 6.13763535759173
vertex -4.16094829207253 -20.0577689766471 6.52620043841083
endloop
endfacet
facet normal -0.970208343755345 0.0 -0.242272098491573
outer loop
vertex -4.00772640274855 -20.0577689766471 6.13763535759173
vertex -4.16094829207253 -18.0577689766471 6.52620043841083
vertex -4.00772640274855 -18.0577689766471 6.13763535759173
endloop
endfacet
facet normal -0.719089023409957 0.0 -0.694917963799552
outer loop
vertex -4.40951731530116 -18.0577689766471 6.86186874208447
vertex -4.16094829207253 -20.0577689766471 6.52620043841083
vertex -4.40951731530116 -20.0577689766471 6.86186874208447
endloop
endfacet
facet normal -0.87444466292785 0.0 -0.485125274003529
outer loop
vertex -4.16094829207253 -20.0577689766471 6.52620043841083
vertex -4.40951731530116 -18.0577689766471 6.86186874208447
vertex -4.16094829207253 -18.0577689766471 6.52620043841083
endloop
endfacet
facet normal -0.719089023409957 0.0 -0.694917963799552
outer loop
vertex -4.40951731530116 -18.0577689766471 6.86186874208447
vertex -4.73649390428114 -20.0577689766471 7.12176502843538
vertex -4.73649390428114 -18.0577689766471 7.12176502843538
endloop
endfacet
facet normal -0.514728655297484 0.0 -0.857353142768862
outer loop
vertex -4.73649390428114 -20.0577689766471 7.12176502843538
vertex -4.40951731530116 -18.0577689766471 6.86186874208447
vertex -4.40951731530116 -20.0577689766471 6.86186874208447
endloop
endfacet
facet normal -0.514728655297484 0.0 -0.857353142768862
outer loop
vertex -4.73649390428114 -18.0577689766471 7.12176502843538
vertex -5.11959514482782 -20.0577689766471 7.28817779504767
vertex -5.11959514482782 -18.0577689766471 7.28817779504767
endloop
endfacet
facet normal -0.275290379955799 0.0 -0.961361121901542
outer loop
vertex -5.11959514482782 -20.0577689766471 7.28817779504767
vertex -4.73649390428114 -18.0577689766471 7.12176502843538
vertex -4.73649390428114 -20.0577689766471 7.12176502843538
endloop
endfacet
facet normal -0.275290379955799 0.0 -0.961361121901542
outer loop
vertex -5.11959514482782 -18.0577689766471 7.28817779504767
vertex -5.53271332050272 -20.0577689766471 7.3497662868868
vertex -5.53271332050272 -18.0577689766471 7.3497662868868
endloop
endfacet
facet normal -0.0170915201589886 0.0 -0.999853929301003
outer loop
vertex -5.53271332050272 -20.0577689766471 7.3497662868868
vertex -5.11959514482782 -18.0577689766471 7.28817779504767
vertex -5.11959514482782 -20.0577689766471 7.28817779504767
endloop
endfacet
facet normal -0.0170915201589886 0.0 -0.999853929301003
outer loop
vertex -5.53271332050272 -18.0577689766471 7.3497662868868
vertex -5.94769511034363 -20.0577689766471 7.30233335001375
vertex -5.94769511034363 -18.0577689766471 7.30233335001375
endloop
endfacet
facet normal 0.242272098491578 0.0 -0.970208343755344
outer loop
vertex -5.94769511034363 -20.0577689766471 7.30233335001375
vertex -5.53271332050272 -18.0577689766471 7.3497662868868
vertex -5.53271332050272 -20.0577689766471 7.3497662868868
endloop
endfacet
facet normal 0.242272098491578 0.0 -0.970208343755344
outer loop
vertex -5.94769511034363 -18.0577689766471 7.30233335001375
vertex -6.33626019116275 -20.0577689766471 7.14911146068977
vertex -6.33626019116275 -18.0577689766471 7.14911146068977
endloop
endfacet
facet normal 0.485125274003521 0.0 -0.874444662927855
outer loop
vertex -6.33626019116275 -20.0577689766471 7.14911146068977
vertex -5.94769511034363 -18.0577689766471 7.30233335001375
vertex -5.94769511034363 -20.0577689766471 7.30233335001375
endloop
endfacet
facet normal 0.485125274003521 0.0 -0.874444662927855
outer loop
vertex -6.33626019116275 -18.0577689766471 7.14911146068977
vertex -6.67192849483638 -20.0577689766471 6.90054243746114
vertex -6.67192849483638 -18.0577689766471 6.90054243746114
endloop
endfacet
facet normal 0.694917963799541 0.0 -0.719089023409967
outer loop
vertex -6.67192849483638 -20.0577689766471 6.90054243746114
vertex -6.33626019116275 -18.0577689766471 7.14911146068977
vertex -6.33626019116275 -20.0577689766471 7.14911146068977
endloop
endfacet
facet normal 0.857353142768866 0.0 -0.514728655297476
outer loop
vertex -6.9318247811873 -18.0577689766471 6.57356584848117
vertex -6.67192849483638 -20.0577689766471 6.90054243746114
vertex -6.9318247811873 -20.0577689766471 6.57356584848117
endloop
endfacet
facet normal 0.694917963799541 0.0 -0.719089023409967
outer loop
vertex -6.67192849483638 -20.0577689766471 6.90054243746114
vertex -6.9318247811873 -18.0577689766471 6.57356584848117
vertex -6.67192849483638 -18.0577689766471 6.90054243746114
endloop
endfacet
facet normal 0.961361121901544 0.0 -0.275290379955791
outer loop
vertex -7.09823754779957 -18.0577689766471 6.19046460793447
vertex -6.9318247811873 -20.0577689766471 6.57356584848117
vertex -7.09823754779957 -20.0577689766471 6.19046460793447
endloop
endfacet
facet normal 0.857353142768866 0.0 -0.514728655297476
outer loop
vertex -6.9318247811873 -20.0577689766471 6.57356584848117
vertex -7.09823754779957 -18.0577689766471 6.19046460793447
vertex -6.9318247811873 -18.0577689766471 6.57356584848117
endloop
endfacet
facet normal 0.999853929301003 0.0 -0.0170915201590021
outer loop
vertex -7.15982603963872 -18.0577689766471 5.77734643225958
vertex -7.09823754779957 -20.0577689766471 6.19046460793447
vertex -7.15982603963872 -20.0577689766471 5.77734643225958
endloop
endfacet
facet normal 0.961361121901544 0.0 -0.275290379955791
outer loop
vertex -7.09823754779957 -20.0577689766471 6.19046460793447
vertex -7.15982603963872 -18.0577689766471 5.77734643225958
vertex -7.09823754779957 -18.0577689766471 6.19046460793447
endloop
endfacet
facet normal 0.970208343755345 0.0 0.242272098491573
outer loop
vertex -7.11239310276567 -18.0577689766471 5.36236464241867
vertex -7.15982603963872 -20.0577689766471 5.77734643225958
vertex -7.11239310276567 -20.0577689766471 5.36236464241867
endloop
endfacet
facet normal 0.999853929301003 0.0 -0.0170915201590021
outer loop
vertex -7.15982603963872 -20.0577689766471 5.77734643225958
vertex -7.11239310276567 -18.0577689766471 5.36236464241867
vertex -7.15982603963872 -18.0577689766471 5.77734643225958
endloop
endfacet
facet normal 0.87444466292785 0.0 0.485125274003529
outer loop
vertex -6.95917121344168 -18.0577689766471 4.97379956159956
vertex -7.11239310276567 -20.0577689766471 5.36236464241867
vertex -6.95917121344168 -20.0577689766471 4.97379956159956
endloop
endfacet
facet normal 0.970208343755345 0.0 0.242272098491573
outer loop
vertex -7.11239310276567 -20.0577689766471 5.36236464241867
vertex -6.95917121344168 -18.0577689766471 4.97379956159956
vertex -7.11239310276567 -18.0577689766471 5.36236464241867
endloop
endfacet
facet normal 0.719089023409956 0.0 0.694917963799552
outer loop
vertex -6.71060219021305 -18.0577689766471 4.63813125792592
vertex -6.95917121344168 -20.0577689766471 4.97379956159956
vertex -6.71060219021305 -20.0577689766471 4.63813125792592
endloop
endfacet
facet normal 0.87444466292785 0.0 0.485125274003529
outer loop
vertex -6.95917121344168 -20.0577689766471 4.97379956159956
vertex -6.71060219021305 -18.0577689766471 4.63813125792592
vertex -6.95917121344168 -18.0577689766471 4.97379956159956
endloop
endfacet
facet normal 0.514728655297484 0.0 0.857353142768862
outer loop
vertex -6.38362560123308 -20.0577689766471 4.37823497157501
vertex -6.71060219021305 -18.0577689766471 4.63813125792592
vertex -6.71060219021305 -20.0577689766471 4.63813125792592
endloop
endfacet
facet normal 0.719089023409956 0.0 0.694917963799552
outer loop
vertex -6.71060219021305 -18.0577689766471 4.63813125792592
vertex -6.38362560123308 -20.0577689766471 4.37823497157501
vertex -6.38362560123308 -18.0577689766471 4.37823497157501
endloop
endfacet
facet normal 0.275290379955799 0.0 0.961361121901542
outer loop
vertex -6.00052436068639 -20.0577689766471 4.21182220496273
vertex -6.38362560123308 -18.0577689766471 4.37823497157501
vertex -6.38362560123308 -20.0577689766471 4.37823497157501
endloop
endfacet
facet normal 0.514728655297484 0.0 0.857353142768862
outer loop
vertex -6.38362560123308 -18.0577689766471 4.37823497157501
vertex -6.00052436068639 -20.0577689766471 4.21182220496273
vertex -6.00052436068639 -18.0577689766471 4.21182220496273
endloop
endfacet
facet normal 0.0170915201589886 0.0 0.999853929301003
outer loop
vertex -5.58740618501149 -20.0577689766471 4.15023371312359
vertex -6.00052436068639 -18.0577689766471 4.21182220496273
vertex -6.00052436068639 -20.0577689766471 4.21182220496273
endloop
endfacet
facet normal 0.275290379955799 0.0 0.961361121901542
outer loop
vertex -6.00052436068639 -18.0577689766471 4.21182220496273
vertex -5.58740618501149 -20.0577689766471 4.15023371312359
vertex -5.58740618501149 -18.0577689766471 4.15023371312359
endloop
endfacet
facet normal -0.242272098491578 0.0 0.970208343755344
outer loop
vertex -5.17242439517058 -20.0577689766471 4.19766664999665
vertex -5.58740618501149 -18.0577689766471 4.15023371312359
vertex -5.58740618501149 -20.0577689766471 4.15023371312359
endloop
endfacet
facet normal 0.0170915201589886 0.0 0.999853929301003
outer loop
vertex -5.58740618501149 -18.0577689766471 4.15023371312359
vertex -5.17242439517058 -20.0577689766471 4.19766664999665
vertex -5.17242439517058 -18.0577689766471 4.19766664999665
endloop
endfacet
facet normal -0.485125274003521 0.0 0.874444662927855
outer loop
vertex -4.78385931435147 -20.0577689766471 4.35088853932063
vertex -5.17242439517058 -18.0577689766471 4.19766664999665
vertex -5.17242439517058 -20.0577689766471 4.19766664999665
endloop
endfacet
facet normal -0.242272098491578 0.0 0.970208343755344
outer loop
vertex -5.17242439517058 -18.0577689766471 4.19766664999665
vertex -4.78385931435147 -20.0577689766471 4.35088853932063
vertex -4.78385931435147 -18.0577689766471 4.35088853932063
endloop
endfacet
facet normal -0.694917963799555 0.0 0.719089023409953
outer loop
vertex -4.44819101067783 -20.0577689766471 4.59945756254926
vertex -4.78385931435147 -18.0577689766471 4.35088853932063
vertex -4.78385931435147 -20.0577689766471 4.35088853932063
endloop
endfacet
facet normal -0.485125274003521 0.0 0.874444662927855
outer loop
vertex -4.78385931435147 -18.0577689766471 4.35088853932063
vertex -4.44819101067783 -20.0577689766471 4.59945756254926
vertex -4.44819101067783 -18.0577689766471 4.59945756254926
endloop
endfacet
facet normal -0.857353142768864 0.0 0.514728655297479
outer loop
vertex -4.18829472432693 -18.0577689766471 4.92643415152923
vertex -4.44819101067783 -20.0577689766471 4.59945756254926
vertex -4.18829472432693 -20.0577689766471 4.92643415152923
endloop
endfacet
facet normal -0.694917963799555 0.0 0.719089023409953
outer loop
vertex -4.44819101067783 -20.0577689766471 4.59945756254926
vertex -4.18829472432693 -18.0577689766471 4.92643415152923
vertex -4.44819101067783 -18.0577689766471 4.59945756254926
endloop
endfacet
facet normal -0.961361121901538 0.0 0.275290379955815
outer loop
vertex -4.02188195771464 -18.0577689766471 5.30953539207592
vertex -4.18829472432693 -20.0577689766471 4.92643415152923
vertex -4.02188195771464 -20.0577689766471 5.30953539207592
endloop
endfacet
facet normal -0.857353142768864 0.0 0.514728655297479
outer loop
vertex -4.18829472432693 -20.0577689766471 4.92643415152923
vertex -4.02188195771464 -18.0577689766471 5.30953539207592
vertex -4.18829472432693 -18.0577689766471 4.92643415152923
endloop
endfacet
facet normal -0.999853929301003 0.0 0.0170915201590022
outer loop
vertex -3.9602934658755 -18.0577689766471 5.72265356775081
vertex -4.02188195771464 -20.0577689766471 5.30953539207592
vertex -3.9602934658755 -20.0577689766471 5.72265356775081
endloop
endfacet
facet normal -0.961361121901538 0.0 0.275290379955815
outer loop
vertex -4.02188195771464 -20.0577689766471 5.30953539207592
vertex -3.9602934658755 -18.0577689766471 5.72265356775081
vertex -4.02188195771464 -18.0577689766471 5.30953539207592
endloop
endfacet
facet normal 0.857353142768864 1.06594553527842e-030 -0.51472865529748
outer loop
vertex -6.93182478118728 -5.42191732519768 6.57356584848116
vertex -6.67192849483638 -7.4219173251977 6.90054243746113
vertex -6.93182478118728 -7.4219173251977 6.57356584848116
endloop
endfacet
facet normal 0.694917963799555 1.48915302476907e-030 -0.719089023409953
outer loop
vertex -6.67192849483638 -7.4219173251977 6.90054243746113
vertex -6.93182478118728 -5.42191732519768 6.57356584848116
vertex -6.67192849483638 -5.42191732519768 6.90054243746113
endloop
endfacet
facet normal 0.485125274003521 1.81087719656348e-030 -0.874444662927855
outer loop
vertex -6.33626019116275 -5.42191732519768 7.14911146068976
vertex -6.67192849483638 -7.4219173251977 6.90054243746113
vertex -6.67192849483638 -5.42191732519768 6.90054243746113
endloop
endfacet
facet normal 0.694917963799555 1.48915302476907e-030 -0.719089023409953
outer loop
vertex -6.67192849483638 -7.4219173251977 6.90054243746113
vertex -6.33626019116275 -5.42191732519768 7.14911146068976
vertex -6.33626019116275 -7.4219173251977 7.14911146068976
endloop
endfacet
facet normal 0.242272098491576 2.00919308002813e-030 -0.970208343755344
outer loop
vertex -5.94769511034363 -5.42191732519768 7.30233335001374
vertex -6.33626019116275 -7.4219173251977 7.14911146068976
vertex -6.33626019116275 -5.42191732519768 7.14911146068976
endloop
endfacet
facet normal 0.485125274003521 1.81087719656348e-030 -0.874444662927855
outer loop
vertex -6.33626019116275 -7.4219173251977 7.14911146068976
vertex -5.94769511034363 -5.42191732519768 7.30233335001374
vertex -5.94769511034363 -7.4219173251977 7.30233335001374
endloop
endfacet
facet normal -0.0170915201589903 2.07058577543741e-030 -0.999853929301003
outer loop
vertex -5.53271332050272 -5.42191732519768 7.3497662868868
vertex -5.94769511034363 -7.4219173251977 7.30233335001374
vertex -5.94769511034363 -5.42191732519768 7.30233335001374
endloop
endfacet
facet normal 0.242272098491576 2.00919308002813e-030 -0.970208343755344
outer loop
vertex -5.94769511034363 -7.4219173251977 7.30233335001374
vertex -5.53271332050272 -5.42191732519768 7.3497662868868
vertex -5.53271332050272 -7.4219173251977 7.3497662868868
endloop
endfacet
facet normal -0.275290379955799 1.99087147205542e-030 -0.961361121901542
outer loop
vertex -5.11959514482782 -5.42191732519768 7.28817779504766
vertex -5.53271332050272 -7.4219173251977 7.3497662868868
vertex -5.53271332050272 -5.42191732519768 7.3497662868868
endloop
endfacet
facet normal -0.0170915201589903 2.07058577543741e-030 -0.999853929301003
outer loop
vertex -5.53271332050272 -7.4219173251977 7.3497662868868
vertex -5.11959514482782 -5.42191732519768 7.28817779504766
vertex -5.11959514482782 -7.4219173251977 7.28817779504766
endloop
endfacet
facet normal -0.514728655297484 1.77548256792352e-030 -0.857353142768862
outer loop
vertex -4.73649390428114 -5.42191732519768 7.12176502843537
vertex -5.11959514482782 -7.4219173251977 7.28817779504766
vertex -5.11959514482782 -5.42191732519768 7.28817779504766
endloop
endfacet
facet normal -0.275290379955799 1.99087147205542e-030 -0.961361121901542
outer loop
vertex -5.11959514482782 -7.4219173251977 7.28817779504766
vertex -4.73649390428114 -5.42191732519768 7.12176502843537
vertex -4.73649390428114 -7.4219173251977 7.12176502843537
endloop
endfacet
facet normal -0.719089023409957 1.43909746091132e-030 -0.694917963799551
outer loop
vertex -4.40951731530116 -5.42191732519768 6.86186874208446
vertex -4.73649390428114 -7.4219173251977 7.12176502843537
vertex -4.73649390428114 -5.42191732519768 7.12176502843537
endloop
endfacet
facet normal -0.514728655297484 1.77548256792352e-030 -0.857353142768862
outer loop
vertex -4.73649390428114 -7.4219173251977 7.12176502843537
vertex -4.40951731530116 -5.42191732519768 6.86186874208446
vertex -4.40951731530116 -7.4219173251977 6.86186874208446
endloop
endfacet
facet normal -0.719089023409957 1.43909746091132e-030 -0.694917963799551
outer loop
vertex -4.40951731530116 -5.42191732519768 6.86186874208446
vertex -4.16094829207253 -7.4219173251977 6.52620043841082
vertex -4.40951731530116 -7.4219173251977 6.86186874208446
endloop
endfacet
facet normal -0.874444662927851 1.004640240159e-030 -0.485125274003528
outer loop
vertex -4.16094829207253 -7.4219173251977 6.52620043841082
vertex -4.40951731530116 -5.42191732519768 6.86186874208446
vertex -4.16094829207253 -5.42191732519768 6.52620043841082
endloop
endfacet
facet normal -0.874444662927851 1.004640240159e-030 -0.485125274003528
outer loop
vertex -4.16094829207253 -5.42191732519768 6.52620043841082
vertex -4.00772640274855 -7.4219173251977 6.13763535759171
vertex -4.16094829207253 -7.4219173251977 6.52620043841082
endloop
endfacet
facet normal -0.970208343755345 5.01718447286318e-031 -0.242272098491573
outer loop
vertex -4.00772640274855 -7.4219173251977 6.13763535759171
vertex -4.16094829207253 -5.42191732519768 6.52620043841082
vertex -4.00772640274855 -5.42191732519768 6.13763535759171
endloop
endfacet
facet normal -0.970208343755345 5.01718447286318e-031 -0.242272098491573
outer loop
vertex -4.00772640274855 -5.42191732519768 6.13763535759171
vertex -3.9602934658755 -7.4219173251977 5.7226535677508
vertex -4.00772640274855 -7.4219173251977 6.13763535759171
endloop
endfacet
facet normal -0.999853929301003 -3.53946286399776e-032 0.0170915201590019
outer loop
vertex -3.9602934658755 -7.4219173251977 5.7226535677508
vertex -4.00772640274855 -5.42191732519768 6.13763535759171
vertex -3.9602934658755 -5.42191732519768 5.7226535677508
endloop
endfacet
facet normal -0.999853929301003 -3.53946286399776e-032 0.0170915201590019
outer loop
vertex -3.9602934658755 -5.42191732519768 5.7226535677508
vertex -4.02188195771464 -7.4219173251977 5.30953539207591
vertex -3.9602934658755 -7.4219173251977 5.7226535677508
endloop
endfacet
facet normal -0.961361121901538 -5.7009561911685e-031 0.275290379955815
outer loop
vertex -4.02188195771464 -7.4219173251977 5.30953539207591
vertex -3.9602934658755 -5.42191732519768 5.7226535677508
vertex -4.02188195771464 -5.42191732519768 5.30953539207591
endloop
endfacet
facet normal -0.961361121901538 -5.7009561911685e-031 0.275290379955815
outer loop
vertex -4.02188195771464 -5.42191732519768 5.30953539207591
vertex -4.18829472432693 -7.4219173251977 4.92643415152922
vertex -4.02188195771464 -7.4219173251977 5.30953539207591
endloop
endfacet
facet normal -0.857353142768864 -1.06594553527842e-030 0.514728655297481
outer loop
vertex -4.18829472432693 -7.4219173251977 4.92643415152922
vertex -4.02188195771464 -5.42191732519768 5.30953539207591
vertex -4.18829472432693 -5.42191732519768 4.92643415152922
endloop
endfacet
facet normal -0.857353142768864 -1.06594553527842e-030 0.514728655297481
outer loop
vertex -4.18829472432693 -5.42191732519768 4.92643415152922
vertex -4.44819101067783 -7.4219173251977 4.59945756254925
vertex -4.18829472432693 -7.4219173251977 4.92643415152922
endloop
endfacet
facet normal -0.694917963799554 -1.48915302476907e-030 0.719089023409954
outer loop
vertex -4.44819101067783 -7.4219173251977 4.59945756254925
vertex -4.18829472432693 -5.42191732519768 4.92643415152922
vertex -4.44819101067783 -5.42191732519768 4.59945756254925
endloop
endfacet
facet normal -0.694917963799554 -1.48915302476907e-030 0.719089023409954
outer loop
vertex -4.44819101067783 -7.4219173251977 4.59945756254925
vertex -4.78385931435147 -5.42191732519768 4.35088853932062
vertex -4.78385931435147 -7.4219173251977 4.35088853932062
endloop
endfacet
facet normal -0.485125274003521 -1.81087719656348e-030 0.874444662927855
outer loop
vertex -4.78385931435147 -5.42191732519768 4.35088853932062
vertex -4.44819101067783 -7.4219173251977 4.59945756254925
vertex -4.44819101067783 -5.42191732519768 4.59945756254925
endloop
endfacet
facet normal -0.485125274003521 -1.81087719656348e-030 0.874444662927855
outer loop
vertex -4.78385931435147 -7.4219173251977 4.35088853932062
vertex -5.17242439517058 -5.42191732519768 4.19766664999664
vertex -5.17242439517058 -7.4219173251977 4.19766664999664
endloop
endfacet
facet normal -0.242272098491577 -2.00919308002813e-030 0.970208343755344
outer loop
vertex -5.17242439517058 -5.42191732519768 4.19766664999664
vertex -4.78385931435147 -7.4219173251977 4.35088853932062
vertex -4.78385931435147 -5.42191732519768 4.35088853932062
endloop
endfacet
facet normal -0.242272098491577 -2.00919308002813e-030 0.970208343755344
outer loop
vertex -5.17242439517058 -7.4219173251977 4.19766664999664
vertex -5.58740618501149 -5.42191732519768 4.15023371312359
vertex -5.58740618501149 -7.4219173251977 4.15023371312359
endloop
endfacet
facet normal 0.0170915201589903 -2.07058577543741e-030 0.999853929301003
outer loop
vertex -5.58740618501149 -5.42191732519768 4.15023371312359
vertex -5.17242439517058 -7.4219173251977 4.19766664999664
vertex -5.17242439517058 -5.42191732519768 4.19766664999664
endloop
endfacet
facet normal 0.0170915201589903 -2.07058577543741e-030 0.999853929301003
outer loop
vertex -5.58740618501149 -7.4219173251977 4.15023371312359
vertex -6.00052436068639 -5.42191732519768 4.21182220496272
vertex -6.00052436068639 -7.4219173251977 4.21182220496272
endloop
endfacet
facet normal 0.275290379955801 -1.99087147205542e-030 0.961361121901542
outer loop
vertex -6.00052436068639 -5.42191732519768 4.21182220496272
vertex -5.58740618501149 -7.4219173251977 4.15023371312359
vertex -5.58740618501149 -5.42191732519768 4.15023371312359
endloop
endfacet
facet normal 0.275290379955801 -1.99087147205542e-030 0.961361121901542
outer loop
vertex -6.00052436068639 -7.4219173251977 4.21182220496272
vertex -6.38362560123308 -5.42191732519768 4.37823497157501
vertex -6.38362560123308 -7.4219173251977 4.37823497157501
endloop
endfacet
facet normal 0.514728655297484 -1.77548256792352e-030 0.857353142768862
outer loop
vertex -6.38362560123308 -5.42191732519768 4.37823497157501
vertex -6.00052436068639 -7.4219173251977 4.21182220496272
vertex -6.00052436068639 -5.42191732519768 4.21182220496272
endloop
endfacet
facet normal 0.514728655297484 -1.77548256792352e-030 0.857353142768862
outer loop
vertex -6.38362560123308 -7.4219173251977 4.37823497157501
vertex -6.71060219021305 -5.42191732519768 4.63813125792592
vertex -6.71060219021305 -7.4219173251977 4.63813125792592
endloop
endfacet
facet normal 0.719089023409957 -1.43909746091132e-030 0.694917963799552
outer loop
vertex -6.71060219021305 -5.42191732519768 4.63813125792592
vertex -6.38362560123308 -7.4219173251977 4.37823497157501
vertex -6.38362560123308 -5.42191732519768 4.37823497157501
endloop
endfacet
facet normal 0.719089023409957 -1.43909746091132e-030 0.694917963799552
outer loop
vertex -6.71060219021305 -5.42191732519768 4.63813125792592
vertex -6.95917121344168 -7.4219173251977 4.97379956159956
vertex -6.71060219021305 -7.4219173251977 4.63813125792592
endloop
endfacet
facet normal 0.87444466292785 -1.004640240159e-030 0.485125274003528
outer loop
vertex -6.95917121344168 -7.4219173251977 4.97379956159956
vertex -6.71060219021305 -5.42191732519768 4.63813125792592
vertex -6.95917121344168 -5.42191732519768 4.97379956159956
endloop
endfacet
facet normal 0.87444466292785 -1.004640240159e-030 0.485125274003528
outer loop
vertex -6.95917121344168 -5.42191732519768 4.97379956159956
vertex -7.11239310276567 -7.4219173251977 5.36236464241866
vertex -6.95917121344168 -7.4219173251977 4.97379956159956
endloop
endfacet
facet normal 0.970208343755345 -5.01718447286318e-031 0.242272098491573
outer loop
vertex -7.11239310276567 -7.4219173251977 5.36236464241866
vertex -6.95917121344168 -5.42191732519768 4.97379956159956
vertex -7.11239310276567 -5.42191732519768 5.36236464241866
endloop
endfacet
facet normal 0.970208343755345 -5.01718447286318e-031 0.242272098491573
outer loop
vertex -7.11239310276567 -5.42191732519768 5.36236464241866
vertex -7.15982603963872 -7.4219173251977 5.77734643225958
vertex -7.11239310276567 -7.4219173251977 5.36236464241866
endloop
endfacet
facet normal 0.999853929301003 3.53946286399776e-032 -0.0170915201590019
outer loop
vertex -7.15982603963872 -7.4219173251977 5.77734643225958
vertex -7.11239310276567 -5.42191732519768 5.36236464241866
vertex -7.15982603963872 -5.42191732519768 5.77734643225958
endloop
endfacet
facet normal 0.999853929301003 3.53946286399776e-032 -0.0170915201590019
outer loop
vertex -7.15982603963872 -5.42191732519768 5.77734643225958
vertex -7.09823754779957 -7.4219173251977 6.19046460793447
vertex -7.15982603963872 -7.4219173251977 5.77734643225958
endloop
endfacet
facet normal 0.961361121901538 5.70095619116851e-031 -0.275290379955815
outer loop
vertex -7.09823754779957 -7.4219173251977 6.19046460793447
vertex -7.15982603963872 -5.42191732519768 5.77734643225958
vertex -7.09823754779957 -5.42191732519768 6.19046460793447
endloop
endfacet
facet normal 0.961361121901538 5.70095619116851e-031 -0.275290379955815
outer loop
vertex -7.09823754779957 -5.42191732519768 6.19046460793447
vertex -6.93182478118728 -7.4219173251977 6.57356584848116
vertex -7.09823754779957 -7.4219173251977 6.19046460793447
endloop
endfacet
facet normal 0.857353142768864 1.06594553527842e-030 -0.51472865529748
outer loop
vertex -6.93182478118728 -7.4219173251977 6.57356584848116
vertex -7.09823754779957 -5.42191732519768 6.19046460793447
vertex -6.93182478118728 -5.42191732519768 6.57356584848116
endloop
endfacet
facet normal -0.665270293344807 -0.746602596293982 4.42356412652977e-019
outer loop
vertex -21.9783780863199 19.7072647073981 11.5000000000001
vertex -23.9159205770338 21.0241687427611 3.38395977905748e-014
vertex -21.9783780863198 19.7072647073981 3.38395977905748e-014
endloop
endfacet
facet normal -0.449366786760762 -0.893347351793415 2.73458526011859e-028
outer loop
vertex -23.9159205770338 21.0241687427611 3.38395977905748e-014
vertex -21.9783780863199 19.7072647073981 11.5000000000001
vertex -23.9159205770338 21.0241687427611 11.5000000000001
endloop
endfacet
facet normal -0.449366786760796 0.893347351793398 3.9952500842521e-018
outer loop
vertex 20.9330747236521 4.99016836497818 11.5
vertex 22.870617214366 6.30707240034135 3.38395977905748e-014
vertex 20.9330747236521 4.99016836497818 1.12798659301916e-014
endloop
endfacet
facet normal -0.665270293344818 0.746602596293972 4.11097587057447e-018
outer loop
vertex 22.870617214366 6.30707240034135 3.38395977905748e-014
vertex 20.9330747236521 4.99016836497818 11.5
vertex 22.870617214366 6.30707240034135 11.5000000000001
endloop
endfacet
facet normal 0.893347351793395 -0.449366786760803 -2.69494988898812e-018
outer loop
vertex -35.9655891419056 17.0398369298498 7.89590615113411e-014
vertex -36.736147863115 14.8274747536124 11.5000000000001
vertex -36.736147863115 14.8274747536124 3.38395977905748e-014
endloop
endfacet
facet normal 0.979211961594415 -0.20283967627271 -1.15190371653909e-018
outer loop
vertex -36.736147863115 14.8274747536124 11.5000000000001
vertex -35.9655891419056 17.0398369298498 7.89590615113411e-014
vertex -35.9655891419056 17.0398369298498 11.5000000000001
endloop
endfacet
facet normal 0.998344894437034 0.0575106229448701 -6.08146691397644e-019
outer loop
vertex -36.9078489667287 12.4910617180608 3.38395977905748e-014
vertex -36.4689913062851 10.1898205104627 11.5000000000001
vertex -36.4689913062851 10.1898205104627 3.38395977905748e-014
endloop
endfacet
facet normal 0.949442272566726 0.313941668249583 -2.48580003141853e-019
outer loop
vertex -36.4689913062851 10.1898205104627 11.5000000000001
vertex -36.9078489667287 12.4910617180608 3.38395977905748e-014
vertex -36.9078489667287 12.4910617180608 11.5000000000001
endloop
endfacet
facet normal -0.449366786760761 -0.893347351793416 2.73458526011858e-028
outer loop
vertex -23.9159205770338 21.0241687427611 11.5000000000001
vertex -26.1282827532713 21.7947274639706 5.6399329650958e-014
vertex -23.9159205770338 21.0241687427611 3.38395977905748e-014
endloop
endfacet
facet normal -0.202839676272742 -0.979211961594408 3.65500331338524e-017
outer loop
vertex -26.1282827532713 21.7947274639706 5.6399329650958e-014
vertex -23.9159205770338 21.0241687427611 11.5000000000001
vertex -26.1282827532713 21.7947274639706 11.5000000000001
endloop
endfacet
facet normal -0.202839676272741 -0.979211961594409 3.65500331338527e-017
outer loop
vertex -26.1282827532713 21.7947274639706 11.5000000000001
vertex -28.4646957888228 21.9664285675844 5.6399329650958e-014
vertex -26.1282827532713 21.7947274639706 5.6399329650958e-014
endloop
endfacet
facet normal 0.0575106229448606 -0.998344894437035 -5.64382957129214e-017
outer loop
vertex -28.4646957888228 21.9664285675844 5.6399329650958e-014
vertex -26.1282827532713 21.7947274639706 11.5000000000001
vertex -28.4646957888228 21.9664285675844 11.5000000000001
endloop
endfacet
facet normal -0.665270293344807 -0.746602596293982 4.42356412652977e-019
outer loop
vertex -21.9783780863199 19.7072647073981 11.5000000000001
vertex -20.4476955999313 17.9337601916043 5.6399329650958e-014
vertex -20.4476955999313 17.9337601916043 11.5000000000001
endloop
endfacet
facet normal -0.757030007757248 -0.65338010939656 8.77143984017067e-019
outer loop
vertex -20.4476955999313 17.9337601916043 5.6399329650958e-014
vertex -21.9783780863199 19.7072647073981 11.5000000000001
vertex -21.9783780863198 19.7072647073981 3.38395977905748e-014
endloop
endfacet
facet normal 0.0575106229448603 -0.998344894437035 -5.64382957129211e-017
outer loop
vertex -28.4646957888228 21.9664285675844 11.5000000000001
vertex -30.7659369964208 21.5275709071408 5.6399329650958e-014
vertex -28.4646957888228 21.9664285675844 5.6399329650958e-014
endloop
endfacet
facet normal 0.313941668249576 -0.949442272566728 -9.49095660411067e-017
outer loop
vertex -30.7659369964208 21.5275709071408 5.6399329650958e-014
vertex -28.4646957888228 21.9664285675844 11.5000000000001
vertex -30.7659369964208 21.5275709071408 11.5000000000001
endloop
endfacet
facet normal 0.979211961594415 -0.202839676272709 -1.15190371653909e-018
outer loop
vertex -36.736147863115 14.8274747536124 3.38395977905748e-014
vertex -36.9078489667287 12.4910617180608 11.5000000000001
vertex -36.9078489667287 12.4910617180608 3.38395977905748e-014
endloop
endfacet
facet normal 0.998344894437034 0.0575106229448701 -6.08146691397644e-019
outer loop
vertex -36.9078489667287 12.4910617180608 11.5000000000001
vertex -36.736147863115 14.8274747536124 3.38395977905748e-014
vertex -36.736147863115 14.8274747536124 11.5000000000001
endloop
endfacet
facet normal -0.835836728848527 0.548978107676248 5.99671146474359e-018
outer loop
vertex 24.4012997007548 8.08057691613517 11.5000000000001
vertex 22.870617214366 6.30707240034135 3.38395977905748e-014
vertex 22.870617214366 6.30707240034135 11.5000000000001
endloop
endfacet
facet normal -0.665270293344818 0.746602596293972 4.11097587057447e-018
outer loop
vertex 22.870617214366 6.30707240034135 3.38395977905748e-014
vertex 24.4012997007548 8.08057691613517 11.5000000000001
vertex 24.4012997007548 8.08057691613517 5.6399329650958e-014
endloop
endfacet
facet normal 0.202839676272735 0.97921196159441 -3.96168514315414e-019
outer loop
vertex -29.7688951527567 4.21960964376851 11.5000000000001
vertex -27.4324821172051 4.04790854015478 7.89590615113411e-014
vertex -29.7688951527567 4.21960964376851 7.89590615113411e-014
endloop
endfacet
facet normal 0.0366704370469204 0.999327413336984 -6.16673529069559e-030
outer loop
vertex -27.4324821172051 4.04790854015478 7.89590615113411e-014
vertex -29.7688951527567 4.21960964376851 11.5000000000001
vertex -27.4324821172051 4.04790854015478 11.5000000000001
endloop
endfacet
facet normal -0.0575106229448581 -0.998344894437035 -1.42930705702128e-018
outer loop
vertex 17.4165131834807 21.9664285675845 11.5000000000001
vertex 15.0801001479291 21.7947274639707 5.6399329650958e-014
vertex 17.4165131834807 21.9664285675845 5.6399329650958e-014
endloop
endfacet
facet normal 0.20283967627276 -0.979211961594405 -2.94171021040811e-019
outer loop
vertex 15.0801001479291 21.7947274639707 5.6399329650958e-014
vertex 17.4165131834807 21.9664285675845 11.5000000000001
vertex 15.0801001479291 21.7947274639707 11.5000000000001
endloop
endfacet
facet normal 0.665270293344829 0.746602596293962 6.55245208683671e-018
outer loop
vertex -33.918799819708 6.30707240034126 11.5000000000001
vertex -31.9812573289941 4.99016836497796 3.38395977905748e-014
vertex -33.918799819708 6.30707240034126 3.38395977905748e-014
endloop
endfacet
facet normal 0.449366786760808 0.893347351793392 2.6370806441689e-018
outer loop
vertex -31.9812573289941 4.99016836497796 3.38395977905748e-014
vertex -33.918799819708 6.30707240034126 11.5000000000001
vertex -31.9812573289941 4.99016836497796 11.5000000000001
endloop
endfacet
facet normal 0.449366786760807 0.893347351793393 2.63708064416886e-018
outer loop
vertex -31.9812573289941 4.99016836497796 11.5000000000001
vertex -29.7688951527567 4.21960964376851 7.89590615113411e-014
vertex -31.9812573289941 4.99016836497796 3.38395977905748e-014
endloop
endfacet
facet normal 0.202839676272736 0.97921196159441 -3.96168514315418e-019
outer loop
vertex -29.7688951527567 4.21960964376851 7.89590615113411e-014
vertex -31.9812573289941 4.99016836497796 11.5000000000001
vertex -29.7688951527567 4.21960964376851 11.5000000000001
endloop
endfacet
facet normal -0.0366704370469402 0.999327413336984 -4.64045265685644e-020
outer loop
vertex 16.3842995118632 4.0479085401549 11.5000000000001
vertex 18.7207125474148 4.21960964376872 5.6399329650958e-014
vertex 16.3842995118631 4.0479085401549 5.6399329650958e-014
endloop
endfacet
facet normal -0.202839676272753 0.979211961594406 2.18363603008079e-018
outer loop
vertex 18.7207125474148 4.21960964376872 5.6399329650958e-014
vertex 16.3842995118632 4.0479085401549 11.5000000000001
vertex 18.7207125474148 4.21960964376872 11.5000000000001
endloop
endfacet
facet normal 0.44936678676076 -0.893347351793416 4.18959139295055e-019
outer loop
vertex 12.8677379716917 21.0241687427612 3.38395977905748e-014
vertex 10.9301954809777 19.7072647073982 11.5000000000001
vertex 10.9301954809777 19.7072647073982 1.12798659301916e-014
endloop
endfacet
facet normal 0.665270293344818 -0.746602596293972 -1.7119309986632e-018
outer loop
vertex 10.9301954809777 19.7072647073982 11.5000000000001
vertex 12.8677379716917 21.0241687427612 3.38395977905748e-014
vertex 12.8677379716917 21.0241687427612 11.5000000000001
endloop
endfacet
facet normal -0.202839676272753 0.979211961594406 2.18363603008079e-018
outer loop
vertex 18.7207125474148 4.21960964376872 5.6399329650958e-014
vertex 20.9330747236521 4.99016836497818 11.5
vertex 20.9330747236521 4.99016836497818 1.12798659301916e-014
endloop
endfacet
facet normal -0.449366786760796 0.893347351793398 3.9952500842521e-018
outer loop
vertex 20.9330747236521 4.99016836497818 11.5
vertex 18.7207125474148 4.21960964376872 5.6399329650958e-014
vertex 18.7207125474148 4.21960964376872 11.5000000000001
endloop
endfacet
facet normal 0.20283967627276 -0.979211961594405 -2.94171021040811e-019
outer loop
vertex 15.0801001479291 21.7947274639707 5.6399329650958e-014
vertex 12.8677379716917 21.0241687427612 11.5000000000001
vertex 12.8677379716917 21.0241687427612 3.38395977905748e-014
endloop
endfacet
facet normal 0.44936678676076 -0.893347351793417 4.18959139295048e-019
outer loop
vertex 12.8677379716917 21.0241687427612 11.5000000000001
vertex 15.0801001479291 21.7947274639707 5.6399329650958e-014
vertex 15.0801001479291 21.7947274639707 11.5000000000001
endloop
endfacet
facet normal 0.665270293344818 -0.746602596293972 -1.71193099866318e-018
outer loop
vertex 10.9301954809777 19.7072647073982 1.12798659301916e-014
vertex 9.39951299458921 17.9337601916043 11.5000000000001
vertex 9.39951299458921 17.9337601916043 5.6399329650958e-014
endloop
endfacet
facet normal 0.757030007757283 -0.653380109396519 -4.65212754562983e-018
outer loop
vertex 9.39951299458921 17.9337601916043 11.5000000000001
vertex 10.9301954809777 19.7072647073982 1.12798659301916e-014
vertex 10.9301954809777 19.7072647073982 11.5000000000001
endloop
endfacet
facet normal -0.998344894437036 0.0575106229448498 1.01872687483848e-018
outer loop
vertex 25.8596663613867 12.4910617180609 11.5
vertex 25.4208087009432 10.1898205104628 1.12798659301916e-014
vertex 25.4208087009432 10.1898205104628 11.5
endloop
endfacet
facet normal -0.949442272566731 0.313941668249567 4.45005677319613e-018
outer loop
vertex 25.4208087009432 10.1898205104628 1.12798659301916e-014
vertex 25.8596663613867 12.4910617180609 11.5
vertex 25.8596663613867 12.4910617180609 1.12798659301916e-014
endloop
endfacet
facet normal -0.313941668249568 -0.949442272566731 -1.35038118342789e-018
outer loop
vertex 19.7177543910788 21.5275709071409 11.5000000000001
vertex 17.4165131834807 21.9664285675845 5.6399329650958e-014
vertex 19.7177543910788 21.5275709071409 5.6399329650958e-014
endloop
endfacet
facet normal -0.0575106229448581 -0.998344894437035 -1.42930705702128e-018
outer loop
vertex 17.4165131834807 21.9664285675845 5.6399329650958e-014
vertex 19.7177543910788 21.5275709071409 11.5000000000001
vertex 17.4165131834807 21.9664285675845 11.5000000000001
endloop
endfacet
facet normal 0.746602596293956 -0.665270293344836 -1.61425804231723e-018
outer loop
vertex -34.6486851065423 18.9773794205636 3.38395977905748e-014
vertex -35.9655891419056 17.0398369298498 11.5000000000001
vertex -35.9655891419056 17.0398369298498 7.89590615113411e-014
endloop
endfacet
facet normal 0.893347351793395 -0.449366786760803 -2.69494988898812e-018
outer loop
vertex -35.9655891419056 17.0398369298498 11.5000000000001
vertex -34.6486851065423 18.9773794205636 3.38395977905748e-014
vertex -34.6486851065423 18.9773794205636 11.5000000000001
endloop
endfacet
facet normal -0.893347351793418 -0.449366786760757 -2.39904487189725e-018
outer loop
vertex 24.9174065365635 17.0398369298499 11.5000000000001
vertex 25.6879652577729 14.8274747536125 3.38395977905748e-014
vertex 25.6879652577729 14.8274747536125 11.5000000000001
endloop
endfacet
facet normal -0.979211961594412 -0.202839676272724 2.19246280887155e-019
outer loop
vertex 25.6879652577729 14.8274747536125 3.38395977905748e-014
vertex 24.9174065365635 17.0398369298499 11.5000000000001
vertex 24.9174065365635 17.0398369298499 5.6399329650958e-014
endloop
endfacet
facet normal 0.835836728848526 0.548978107676249 3.5192029287212e-018
outer loop
vertex -35.4494823060966 8.08057691613497 7.89590615113411e-014
vertex -33.918799819708 6.30707240034126 11.5000000000001
vertex -33.918799819708 6.30707240034126 3.38395977905748e-014
endloop
endfacet
facet normal 0.665270293344829 0.746602596293962 6.55245208683671e-018
outer loop
vertex -33.918799819708 6.30707240034126 11.5000000000001
vertex -35.4494823060966 8.08057691613497 7.89590615113411e-014
vertex -35.4494823060966 8.08057691613497 11.5000000000001
endloop
endfacet
facet normal -0.746602596293977 -0.665270293344813 -2.39904487153644e-018
outer loop
vertex 23.6005025012005 18.9773794205639 11.5
vertex 21.8269979854067 20.5080619069524 5.6399329650958e-014
vertex 23.6005025012005 18.9773794205639 1.12798659301916e-014
endloop
endfacet
facet normal -0.548978107676206 -0.835836728848554 2.91294276849145e-028
outer loop
vertex 21.8269979854067 20.5080619069524 5.6399329650958e-014
vertex 23.6005025012005 18.9773794205639 11.5
vertex 21.8269979854067 20.5080619069524 11.5000000000001
endloop
endfacet
facet normal -0.979211961594412 -0.202839676272725 2.19246280887152e-019
outer loop
vertex 25.6879652577729 14.8274747536125 11.5000000000001
vertex 25.8596663613867 12.4910617180609 1.12798659301916e-014
vertex 25.8596663613867 12.4910617180609 11.5
endloop
endfacet
facet normal -0.998344894437035 0.0575106229448506 1.01872687483848e-018
outer loop
vertex 25.8596663613867 12.4910617180609 1.12798659301916e-014
vertex 25.6879652577729 14.8274747536125 11.5000000000001
vertex 25.6879652577729 14.8274747536125 3.38395977905748e-014
endloop
endfacet
facet normal 0.313941668249576 -0.949442272566728 -9.49095660411067e-017
outer loop
vertex -30.7659369964208 21.5275709071408 11.5000000000001
vertex -32.8751805907485 20.5080619069524 5.6399329650958e-014
vertex -30.7659369964208 21.5275709071408 5.6399329650958e-014
endloop
endfacet
facet normal 0.548978107676241 -0.835836728848532 -1.63288237636732e-018
outer loop
vertex -32.8751805907485 20.5080619069524 5.6399329650958e-014
vertex -30.7659369964208 21.5275709071408 11.5000000000001
vertex -32.8751805907485 20.5080619069524 11.5000000000001
endloop
endfacet
facet normal -0.746602596293977 -0.665270293344813 -2.39904487153644e-018
outer loop
vertex 23.6005025012005 18.9773794205639 11.5
vertex 24.9174065365635 17.0398369298499 5.6399329650958e-014
vertex 24.9174065365635 17.0398369298499 11.5000000000001
endloop
endfacet
facet normal -0.893347351793417 -0.449366786760758 -2.39904487189727e-018
outer loop
vertex 24.9174065365635 17.0398369298499 5.6399329650958e-014
vertex 23.6005025012005 18.9773794205639 11.5
vertex 23.6005025012005 18.9773794205639 1.12798659301916e-014
endloop
endfacet
facet normal -0.548978107676205 -0.835836728848555 2.91294276849142e-028
outer loop
vertex 21.8269979854067 20.5080619069524 11.5000000000001
vertex 19.7177543910788 21.5275709071409 5.6399329650958e-014
vertex 21.8269979854067 20.5080619069524 5.6399329650958e-014
endloop
endfacet
facet normal -0.313941668249568 -0.949442272566731 -1.3503811834279e-018
outer loop
vertex 19.7177543910788 21.5275709071409 5.6399329650958e-014
vertex 21.8269979854067 20.5080619069524 11.5000000000001
vertex 19.7177543910788 21.5275709071409 11.5000000000001
endloop
endfacet
facet normal 0.548978107676241 -0.835836728848532 -1.63288237636732e-018
outer loop
vertex -32.8751805907485 20.5080619069524 5.6399329650958e-014
vertex -34.6486851065423 18.9773794205636 11.5000000000001
vertex -34.6486851065423 18.9773794205636 3.38395977905748e-014
endloop
endfacet
facet normal 0.746602596293956 -0.665270293344836 -1.61425804231724e-018
outer loop
vertex -34.6486851065423 18.9773794205636 11.5000000000001
vertex -32.8751805907485 20.5080619069524 5.6399329650958e-014
vertex -32.8751805907485 20.5080619069524 11.5000000000001
endloop
endfacet
facet normal -0.949442272566731 0.313941668249568 4.45005677319617e-018
outer loop
vertex 25.4208087009432 10.1898205104628 11.5
vertex 24.4012997007548 8.08057691613517 5.6399329650958e-014
vertex 24.4012997007548 8.08057691613517 11.5000000000001
endloop
endfacet
facet normal -0.835836728848527 0.548978107676248 5.99671146474359e-018
outer loop
vertex 24.4012997007548 8.08057691613517 5.6399329650958e-014
vertex 25.4208087009432 10.1898205104628 11.5
vertex 25.4208087009432 10.1898205104628 1.12798659301916e-014
endloop
endfacet
facet normal 0.949442272566726 0.313941668249582 -2.48580003141856e-019
outer loop
vertex -36.4689913062851 10.1898205104627 3.38395977905748e-014
vertex -35.4494823060966 8.08057691613497 11.5000000000001
vertex -35.4494823060966 8.08057691613497 7.89590615113411e-014
endloop
endfacet
facet normal 0.835836728848526 0.548978107676249 3.5192029287212e-018
outer loop
vertex -35.4494823060966 8.08057691613497 11.5000000000001
vertex -36.4689913062851 10.1898205104627 3.38395977905748e-014
vertex -36.4689913062851 10.1898205104627 11.5000000000001
endloop
endfacet
facet normal -1.89577578658683e-015 -1.0 -3.72200511198872e-030
outer loop
vertex 0.425908697329083 18.6837601916042 5.6399329650958e-014
vertex -4.70052545419495 18.6837601916042 4.3782349715699
vertex -11.4740913026709 18.6837601916042 5.6399329650958e-014
endloop
endfacet
facet normal -1.89577578658683e-015 -1.0 -3.72200511198872e-030
outer loop
vertex -4.70052545419495 18.6837601916042 4.3782349715699
vertex 0.425908697329083 18.6837601916042 5.6399329650958e-014
vertex -4.37354886521498 18.6837601916042 4.63813125792081
endloop
endfacet
facet normal -1.89577578658683e-015 -1.0 -3.72200511198872e-030
outer loop
vertex -4.37354886521498 18.6837601916042 4.63813125792081
vertex 0.425908697329083 18.6837601916042 5.6399329650958e-014
vertex -4.12497984198634 18.6837601916042 4.97379956159444
endloop
endfacet
facet normal -1.89577578658683e-015 -1.0 -3.72200511198872e-030
outer loop
vertex -4.12497984198634 18.6837601916042 4.97379956159444
vertex 0.425908697329083 18.6837601916042 5.6399329650958e-014
vertex 0.425908697329061 18.6837601916042 11.5000000000001
endloop
endfacet
facet normal -1.89577578658683e-015 -1.0 -3.72200511198872e-030
outer loop
vertex -11.4740913026709 18.6837601916042 5.6399329650958e-014
vertex -4.70052545419495 18.6837601916042 4.3782349715699
vertex -5.08362669474163 18.6837601916042 4.21182220495761
endloop
endfacet
facet normal -1.89577578658683e-015 -1.0 -3.72200511198872e-030
outer loop
vertex -11.4740913026709 18.6837601916042 5.6399329650958e-014
vertex -5.08362669474163 18.6837601916042 4.21182220495761
vertex -5.49674487041653 18.6837601916042 4.15023371311847
endloop
endfacet
facet normal -1.89577578658683e-015 -1.0 -3.72200511198872e-030
outer loop
vertex -4.12497984198634 18.6837601916042 4.97379956159444
vertex 0.425908697329061 18.6837601916042 11.5000000000001
vertex -3.97175795266236 18.6837601916042 5.36236464241355
endloop
endfacet
facet normal -1.89577578658683e-015 -1.0 -3.72200511198872e-030
outer loop
vertex -3.97175795266236 18.6837601916042 5.36236464241355
vertex 0.425908697329061 18.6837601916042 11.5000000000001
vertex -3.92432501578931 18.6837601916042 5.77734643225446
endloop
endfacet
facet normal -1.89577578658683e-015 -1.0 -3.72200511198872e-030
outer loop
vertex -3.92432501578931 18.6837601916042 5.77734643225446
vertex 0.425908697329061 18.6837601916042 11.5000000000001
vertex -3.98591350762845 18.6837601916042 6.19046460792936
endloop
endfacet
facet normal -1.89577578658683e-015 -1.0 -3.72200511198872e-030
outer loop
vertex -3.98591350762845 18.6837601916042 6.19046460792936
vertex 0.425908697329061 18.6837601916042 11.5000000000001
vertex -4.15232627424072 18.6837601916042 6.57356584847605
endloop
endfacet
facet normal -1.89577578658683e-015 -1.0 -3.72200511198872e-030
outer loop
vertex -4.15232627424072 18.6837601916042 6.57356584847605
vertex 0.425908697329061 18.6837601916042 11.5000000000001
vertex -4.41222256059164 18.6837601916042 6.90054243745602
endloop
endfacet
facet normal -1.89577578658683e-015 -1.0 -3.72200511198872e-030
outer loop
vertex -4.41222256059164 18.6837601916042 6.90054243745602
vertex 0.425908697329061 18.6837601916042 11.5000000000001
vertex -4.74789086426528 18.6837601916042 7.14911146068465
endloop
endfacet
facet normal -1.89577578658683e-015 -1.0 -3.72200511198872e-030
outer loop
vertex -4.74789086426528 18.6837601916042 7.14911146068465
vertex 0.425908697329061 18.6837601916042 11.5000000000001
vertex -5.13645594508439 18.6837601916042 7.30233335000863
endloop
endfacet
facet normal -1.89577578658683e-015 -1.0 -3.72200511198872e-030
outer loop
vertex -5.13645594508439 18.6837601916042 7.30233335000863
vertex 0.425908697329061 18.6837601916042 11.5000000000001
vertex -5.5514377349253 18.6837601916042 7.34976628688169
endloop
endfacet
facet normal -1.89577578658683e-015 -1.0 -3.72200511198872e-030
outer loop
vertex -11.4740913026709 18.6837601916042 5.6399329650958e-014
vertex -6.89585633110111 18.6837601916042 4.92643415152411
vertex -11.4740913026709 18.6837601916042 11.5000000000001
endloop
endfacet
facet normal -1.89577578658683e-015 -1.0 -3.72200511198872e-030
outer loop
vertex -6.89585633110111 18.6837601916042 4.92643415152411
vertex -11.4740913026709 18.6837601916042 5.6399329650958e-014
vertex -6.63596004475019 18.6837601916042 4.59945756254414
endloop
endfacet
facet normal -1.89577578658683e-015 -1.0 -3.72200511198872e-030
outer loop
vertex -6.63596004475019 18.6837601916042 4.59945756254414
vertex -11.4740913026709 18.6837601916042 5.6399329650958e-014
vertex -6.30029174107656 18.6837601916042 4.35088853931551
endloop
endfacet
facet normal -1.89577578658683e-015 -1.0 -3.72200511198872e-030
outer loop
vertex -6.30029174107656 18.6837601916042 4.35088853931551
vertex -11.4740913026709 18.6837601916042 5.6399329650958e-014
vertex -5.91172666025744 18.6837601916042 4.19766664999153
endloop
endfacet
facet normal -1.89577578658683e-015 -1.0 -3.72200511198872e-030
outer loop
vertex -5.91172666025744 18.6837601916042 4.19766664999153
vertex -11.4740913026709 18.6837601916042 5.6399329650958e-014
vertex -5.49674487041653 18.6837601916042 4.15023371311847
endloop
endfacet
facet normal -1.89577578658683e-015 -1.0 -3.72200511198872e-030
outer loop
vertex -11.4740913026709 18.6837601916042 11.5000000000001
vertex -6.89585633110111 18.6837601916042 4.92643415152411
vertex -7.06226909771339 18.6837601916042 5.3095353920708
endloop
endfacet
facet normal -1.89577578658683e-015 -1.0 -3.72200511198872e-030
outer loop
vertex -11.4740913026709 18.6837601916042 11.5000000000001
vertex -7.06226909771339 18.6837601916042 5.3095353920708
vertex -7.12385758955253 18.6837601916042 5.7226535677457
endloop
endfacet
facet normal -1.89577578658683e-015 -1.0 -3.72200511198872e-030
outer loop
vertex -11.4740913026709 18.6837601916042 11.5000000000001
vertex -7.12385758955253 18.6837601916042 5.7226535677457
vertex -7.07642465267948 18.6837601916042 6.13763535758661
endloop
endfacet
facet normal -1.89577578658683e-015 -1.0 -3.72200511198872e-030
outer loop
vertex -11.4740913026709 18.6837601916042 11.5000000000001
vertex -7.07642465267948 18.6837601916042 6.13763535758661
vertex -6.92320276335549 18.6837601916042 6.52620043840572
endloop
endfacet
facet normal -1.89577578658683e-015 -1.0 -3.72200511198872e-030
outer loop
vertex -11.4740913026709 18.6837601916042 11.5000000000001
vertex -6.92320276335549 18.6837601916042 6.52620043840572
vertex -6.67463374012686 18.6837601916042 6.86186874207935
endloop
endfacet
facet normal -1.89577578658683e-015 -1.0 -3.72200511198872e-030
outer loop
vertex -11.4740913026709 18.6837601916042 11.5000000000001
vertex -6.67463374012686 18.6837601916042 6.86186874207935
vertex -6.34765715114689 18.6837601916042 7.12176502843026
endloop
endfacet
facet normal -1.89577578658683e-015 -1.0 -3.72200511198872e-030
outer loop
vertex -11.4740913026709 18.6837601916042 11.5000000000001
vertex -6.34765715114689 18.6837601916042 7.12176502843026
vertex -5.9645559106002 18.6837601916042 7.28817779504255
endloop
endfacet
facet normal -1.89577578658683e-015 -1.0 -3.72200511198872e-030
outer loop
vertex -11.4740913026709 18.6837601916042 11.5000000000001
vertex -5.9645559106002 18.6837601916042 7.28817779504255
vertex -5.5514377349253 18.6837601916042 7.34976628688169
endloop
endfacet
facet normal -1.89577578658683e-015 -1.0 -3.72200511198872e-030
outer loop
vertex -11.4740913026709 18.6837601916042 11.5000000000001
vertex -5.5514377349253 18.6837601916042 7.34976628688169
vertex 0.425908697329061 18.6837601916042 11.5000000000001
endloop
endfacet
facet normal -1.0 -3.38395977918983e-014 1.99315920744835e-028
outer loop
vertex 0.425908697329106 6.04790854015491 11.5000000000001
vertex 0.425908697329174 4.04790854015487 5.6399329650958e-014
vertex 0.425908697329174 4.04790854015487 11.5000000000001
endloop
endfacet
facet normal -1.0 -3.38395977918983e-014 1.99315920744835e-028
outer loop
vertex 0.425908697329174 4.04790854015487 5.6399329650958e-014
vertex 0.425908697329106 6.04790854015491 11.5000000000001
vertex 0.425908697329129 6.04790854015491 5.6399329650958e-014
endloop
endfacet
facet normal 0.999553588852433 -0.0298767972216082 -1.83817761738754e-019
outer loop
vertex -11.474091302671 6.04790854015482 5.6399329650958e-014
vertex -11.5342489939273 4.03528196086347 11.5000000000001
vertex -11.5342489939272 4.03528196086347 3.38395977905748e-014
endloop
endfacet
facet normal 0.999553588852433 -0.0298767972216082 -1.83817761738754e-019
outer loop
vertex -11.5342489939273 4.03528196086347 11.5000000000001
vertex -11.474091302671 6.04790854015482 5.6399329650958e-014
vertex -11.474091302671 6.04790854015482 11.5000000000001
endloop
endfacet
facet normal -1.0 1.12798659295298e-014 1.99314094670541e-028
outer loop
vertex 0.425908697329061 18.6837601916042 11.5000000000001
vertex 0.425908697329061 16.6837601916043 5.6399329650958e-014
vertex 0.425908697329038 16.6837601916043 11.5000000000001
endloop
endfacet
facet normal -1.0 1.12798659295298e-014 1.99314094670541e-028
outer loop
vertex 0.425908697329061 16.6837601916043 5.6399329650958e-014
vertex 0.425908697329061 18.6837601916042 11.5000000000001
vertex 0.425908697329083 18.6837601916042 5.6399329650958e-014
endloop
endfacet
facet normal 1.0 -2.25597318590597e-014 -1.99313638151967e-028
outer loop
vertex -11.4740913026709 18.6837601916042 5.6399329650958e-014
vertex -11.4740913026709 16.6837601916042 11.5000000000001
vertex -11.4740913026709 16.6837601916042 5.6399329650958e-014
endloop
endfacet
facet normal 1.0 -2.25597318590597e-014 -1.99313638151967e-028
outer loop
vertex -11.4740913026709 16.6837601916042 11.5000000000001
vertex -11.4740913026709 18.6837601916042 5.6399329650958e-014
vertex -11.4740913026709 18.6837601916042 11.5000000000001
endloop
endfacet
facet normal -2.12425377499062e-015 1.0 1.22566752199105e-016
outer loop
vertex 1.92590869732901 22.1232287935133 11.5000000000001
vertex 3.42590869732903 22.1232287935133 5.6399329650958e-014
vertex 1.92590869732904 22.1232287935133 3.38395977905748e-014
endloop
endfacet
facet normal -2.12425377499062e-015 1.0 1.22566752199105e-016
outer loop
vertex 3.42590869732903 22.1232287935133 5.6399329650958e-014
vertex 1.92590869732901 22.1232287935133 11.5000000000001
vertex 3.42590869732903 22.1232287935133 11.5000000000001
endloop
endfacet
facet normal 2.5756906118463e-015 1.0 -4.04167852748848e-020
outer loop
vertex -14.5240913026709 22.1232287935133 11.5000000000001
vertex -13.0240913026709 22.1232287935133 3.38395977905748e-014
vertex -14.524091302671 22.1232287935133 3.38395977905748e-014
endloop
endfacet
facet normal 2.5756906118463e-015 1.0 -4.04167852748848e-020
outer loop
vertex -13.0240913026709 22.1232287935133 3.38395977905748e-014
vertex -14.5240913026709 22.1232287935133 11.5000000000001
vertex -13.024091302671 22.1232287935133 11.5
endloop
endfacet
facet normal -7.0799779757814e-017 7.3835093435799e-015 1.0
outer loop
vertex -19.353286709938 17.9337601916042 11.5000000000001
vertex -14.5240913026709 19.8215279585753 11.5000000000001
vertex -19.3532867099381 19.3732287935133 11.5000000000001
endloop
endfacet
facet normal -7.0799779757814e-017 7.3835093435799e-015 1.0
outer loop
vertex -14.5240913026709 19.8215279585753 11.5000000000001
vertex -19.353286709938 17.9337601916042 11.5000000000001
vertex -11.4740913026709 16.6837601916042 11.5000000000001
endloop
endfacet
facet normal -7.0799779757814e-017 7.3835093435799e-015 1.0
outer loop
vertex -14.5240913026709 19.8215279585753 11.5000000000001
vertex -11.4740913026709 16.6837601916042 11.5000000000001
vertex -14.5240913026709 22.1232287935133 11.5000000000001
endloop
endfacet
facet normal -7.0799779757814e-017 7.3835093435799e-015 1.0
outer loop
vertex -14.5240913026709 22.1232287935133 11.5000000000001
vertex -11.4740913026709 16.6837601916042 11.5000000000001
vertex -13.024091302671 20.1232287935133 11.5
endloop
endfacet
facet normal -7.0799779757814e-017 7.3835093435799e-015 1.0
outer loop
vertex -13.024091302671 20.1232287935133 11.5
vertex -11.4740913026709 16.6837601916042 11.5000000000001
vertex -11.4740913026709 18.6837601916042 11.5000000000001
endloop
endfacet
facet normal -7.0799779757814e-017 7.3835093435799e-015 1.0
outer loop
vertex -13.024091302671 20.1232287935133 11.5
vertex -11.4740913026709 18.6837601916042 11.5000000000001
vertex 1.92590869732904 20.1232287935133 11.5000000000001
endloop
endfacet
facet normal -7.0799779757814e-017 7.3835093435799e-015 1.0
outer loop
vertex 1.92590869732904 20.1232287935133 11.5000000000001
vertex -11.4740913026709 18.6837601916042 11.5000000000001
vertex 0.425908697329061 18.6837601916042 11.5000000000001
endloop
endfacet
facet normal -7.0799779757814e-017 7.3835093435799e-015 1.0
outer loop
vertex 8.30510410459608 17.9337601916043 11.5000000000001
vertex 0.425908697329061 18.6837601916042 11.5000000000001
vertex 0.425908697329038 16.6837601916043 11.5000000000001
endloop
endfacet
facet normal -7.0799779757814e-017 7.3835093435799e-015 1.0
outer loop
vertex 0.425908697329061 18.6837601916042 11.5000000000001
vertex 8.30510410459608 17.9337601916043 11.5000000000001
vertex 1.92590869732904 20.1232287935133 11.5000000000001
endloop
endfacet
facet normal -7.0799779757814e-017 7.3835093435799e-015 1.0
outer loop
vertex 1.92590869732904 20.1232287935133 11.5000000000001
vertex 8.30510410459608 17.9337601916043 11.5000000000001
vertex 3.42590869732906 19.7983202020416 11.5000000000001
endloop
endfacet
facet normal -7.0799779757814e-017 7.3835093435799e-015 1.0
outer loop
vertex 1.92590869732904 20.1232287935133 11.5000000000001
vertex 3.42590869732906 19.7983202020416 11.5000000000001
vertex 3.42590869732903 22.1232287935133 11.5000000000001
endloop
endfacet
facet normal -7.0799779757814e-017 7.3835093435799e-015 1.0
outer loop
vertex 3.42590869732906 19.7983202020416 11.5000000000001
vertex 8.30510410459608 17.9337601916043 11.5000000000001
vertex 8.30510410459604 19.3732287935134 11.5000000000001
endloop
endfacet
facet normal -7.0799779757814e-017 7.3835093435799e-015 1.0
outer loop
vertex 3.42590869732903 22.1232287935133 11.5000000000001
vertex 1.92590869732901 22.1232287935133 11.5000000000001
vertex 1.92590869732904 20.1232287935133 11.5000000000001
endloop
endfacet
facet normal -7.0799779757814e-017 7.3835093435799e-015 1.0
outer loop
vertex -13.024091302671 22.1232287935133 11.5
vertex -14.5240913026709 22.1232287935133 11.5000000000001
vertex -13.024091302671 20.1232287935133 11.5
endloop
endfacet
facet normal 1.0 -4.60715212598856e-016 7.05814257240716e-016
outer loop
vertex -13.0240913026709 22.1232287935133 3.38395977905748e-014
vertex -13.024091302671 20.1232287935133 11.5
vertex -13.0240913026709 20.1232287935133 3.38395977905748e-014
endloop
endfacet
facet normal 1.0 -4.60715212598856e-016 7.05814257240716e-016
outer loop
vertex -13.024091302671 20.1232287935133 11.5
vertex -13.0240913026709 22.1232287935133 3.38395977905748e-014
vertex -13.024091302671 22.1232287935133 11.5
endloop
endfacet
facet normal -1.0 -2.44276119517521e-016 -9.51028730323948e-016
outer loop
vertex 1.92590869732901 22.1232287935133 11.5000000000001
vertex 1.92590869732906 20.1232287935133 3.38395977905748e-014
vertex 1.92590869732904 20.1232287935133 11.5000000000001
endloop
endfacet
facet normal -1.0 -2.44276119517521e-016 -9.51028730323948e-016
outer loop
vertex 1.92590869732906 20.1232287935133 3.38395977905748e-014
vertex 1.92590869732901 22.1232287935133 11.5000000000001
vertex 1.92590869732904 22.1232287935133 3.38395977905748e-014
endloop
endfacet
facet normal 3.59355762736944e-016 1.0 7.28473691063223e-018
outer loop
vertex -13.0240913026709 20.1232287935133 3.38395977905748e-014
vertex -6.30029174107656 20.1232287935133 4.35088853931551
vertex 1.92590869732906 20.1232287935133 3.38395977905748e-014
endloop
endfacet
facet normal 3.59355762736944e-016 1.0 7.28473691063223e-018
outer loop
vertex -6.30029174107656 20.1232287935133 4.35088853931551
vertex -13.0240913026709 20.1232287935133 3.38395977905748e-014
vertex -6.63596004475019 20.1232287935133 4.59945756254414
endloop
endfacet
facet normal 3.59355762736944e-016 1.0 7.28473691063223e-018
outer loop
vertex -6.63596004475019 20.1232287935133 4.59945756254414
vertex -13.0240913026709 20.1232287935133 3.38395977905748e-014
vertex -13.024091302671 20.1232287935133 11.5
endloop
endfacet
facet normal 3.59355762736944e-016 1.0 7.28473691063223e-018
outer loop
vertex 1.92590869732906 20.1232287935133 3.38395977905748e-014
vertex -6.30029174107656 20.1232287935133 4.35088853931551
vertex -5.91172666025744 20.1232287935133 4.19766664999153
endloop
endfacet
facet normal 3.59355762736944e-016 1.0 7.28473691063223e-018
outer loop
vertex 1.92590869732906 20.1232287935133 3.38395977905748e-014
vertex -5.91172666025744 20.1232287935133 4.19766664999153
vertex -5.49674487041653 20.1232287935133 4.15023371311847
endloop
endfacet
facet normal 3.59355762736944e-016 1.0 7.28473691063223e-018
outer loop
vertex -6.63596004475019 20.1232287935133 4.59945756254414
vertex -13.024091302671 20.1232287935133 11.5
vertex -6.89585633110111 20.1232287935133 4.92643415152411
endloop
endfacet
facet normal 3.59355762736944e-016 1.0 7.28473691063223e-018
outer loop
vertex -6.89585633110111 20.1232287935133 4.92643415152411
vertex -13.024091302671 20.1232287935133 11.5
vertex -7.06226909771339 20.1232287935133 5.3095353920708
endloop
endfacet
facet normal 3.59355762736944e-016 1.0 7.28473691063223e-018
outer loop
vertex -7.06226909771339 20.1232287935133 5.3095353920708
vertex -13.024091302671 20.1232287935133 11.5
vertex -7.12385758955253 20.1232287935133 5.7226535677457
endloop
endfacet
facet normal 3.59355762736944e-016 1.0 7.28473691063223e-018
outer loop
vertex -7.12385758955253 20.1232287935133 5.7226535677457
vertex -13.024091302671 20.1232287935133 11.5
vertex -7.07642465267948 20.1232287935133 6.13763535758661
endloop
endfacet
facet normal 3.59355762736944e-016 1.0 7.28473691063223e-018
outer loop
vertex -7.07642465267948 20.1232287935133 6.13763535758661
vertex -13.024091302671 20.1232287935133 11.5
vertex -6.92320276335549 20.1232287935133 6.52620043840572
endloop
endfacet
facet normal 3.59355762736944e-016 1.0 7.28473691063223e-018
outer loop
vertex -6.92320276335549 20.1232287935133 6.52620043840572
vertex -13.024091302671 20.1232287935133 11.5
vertex -6.67463374012686 20.1232287935133 6.86186874207935
endloop
endfacet
facet normal 3.59355762736944e-016 1.0 7.28473691063223e-018
outer loop
vertex -6.67463374012686 20.1232287935133 6.86186874207935
vertex -13.024091302671 20.1232287935133 11.5
vertex -6.34765715114689 20.1232287935133 7.12176502843026
endloop
endfacet
facet normal 3.59355762736944e-016 1.0 7.28473691063223e-018
outer loop
vertex -6.34765715114689 20.1232287935133 7.12176502843026
vertex -13.024091302671 20.1232287935133 11.5
vertex -5.9645559106002 20.1232287935133 7.28817779504255
endloop
endfacet
facet normal 3.59355762736944e-016 1.0 7.28473691063223e-018
outer loop
vertex -5.9645559106002 20.1232287935133 7.28817779504255
vertex -13.024091302671 20.1232287935133 11.5
vertex -5.5514377349253 20.1232287935133 7.34976628688169
endloop
endfacet
facet normal 3.59355762736944e-016 1.0 7.28473691063223e-018
outer loop
vertex 1.92590869732906 20.1232287935133 3.38395977905748e-014
vertex -4.37354886521498 20.1232287935133 4.63813125792081
vertex 1.92590869732904 20.1232287935133 11.5000000000001
endloop
endfacet
facet normal 3.59355762736944e-016 1.0 7.28473691063223e-018
outer loop
vertex -4.37354886521498 20.1232287935133 4.63813125792081
vertex 1.92590869732906 20.1232287935133 3.38395977905748e-014
vertex -4.70052545419495 20.1232287935133 4.3782349715699
endloop
endfacet
facet normal 3.59355762736944e-016 1.0 7.28473691063223e-018
outer loop
vertex -4.70052545419495 20.1232287935133 4.3782349715699
vertex 1.92590869732906 20.1232287935133 3.38395977905748e-014
vertex -5.08362669474163 20.1232287935133 4.21182220495761
endloop
endfacet
facet normal 3.59355762736944e-016 1.0 7.28473691063223e-018
outer loop
vertex -5.08362669474163 20.1232287935133 4.21182220495761
vertex 1.92590869732906 20.1232287935133 3.38395977905748e-014
vertex -5.49674487041653 20.1232287935133 4.15023371311847
endloop
endfacet
facet normal 3.59355762736944e-016 1.0 7.28473691063223e-018
outer loop
vertex 1.92590869732904 20.1232287935133 11.5000000000001
vertex -4.37354886521498 20.1232287935133 4.63813125792081
vertex -4.12497984198634 20.1232287935133 4.97379956159444
endloop
endfacet
facet normal 3.59355762736944e-016 1.0 7.28473691063223e-018
outer loop
vertex 1.92590869732904 20.1232287935133 11.5000000000001
vertex -4.12497984198634 20.1232287935133 4.97379956159444
vertex -3.97175795266236 20.1232287935133 5.36236464241355
endloop
endfacet
facet normal 3.59355762736944e-016 1.0 7.28473691063223e-018
outer loop
vertex 1.92590869732904 20.1232287935133 11.5000000000001
vertex -3.97175795266236 20.1232287935133 5.36236464241355
vertex -3.92432501578931 20.1232287935133 5.77734643225446
endloop
endfacet
facet normal 3.59355762736944e-016 1.0 7.28473691063223e-018
outer loop
vertex 1.92590869732904 20.1232287935133 11.5000000000001
vertex -3.92432501578931 20.1232287935133 5.77734643225446
vertex -3.98591350762845 20.1232287935133 6.19046460792936
endloop
endfacet
facet normal 3.59355762736944e-016 1.0 7.28473691063223e-018
outer loop
vertex 1.92590869732904 20.1232287935133 11.5000000000001
vertex -3.98591350762845 20.1232287935133 6.19046460792936
vertex -4.15232627424072 20.1232287935133 6.57356584847605
endloop
endfacet
facet normal 3.59355762736944e-016 1.0 7.28473691063223e-018
outer loop
vertex 1.92590869732904 20.1232287935133 11.5000000000001
vertex -4.15232627424072 20.1232287935133 6.57356584847605
vertex -4.41222256059164 20.1232287935133 6.90054243745602
endloop
endfacet
facet normal 3.59355762736944e-016 1.0 7.28473691063223e-018
outer loop
vertex 1.92590869732904 20.1232287935133 11.5000000000001
vertex -4.41222256059164 20.1232287935133 6.90054243745602
vertex -4.74789086426528 20.1232287935133 7.14911146068465
endloop
endfacet
facet normal 3.59355762736944e-016 1.0 7.28473691063223e-018
outer loop
vertex 1.92590869732904 20.1232287935133 11.5000000000001
vertex -4.74789086426528 20.1232287935133 7.14911146068465
vertex -5.13645594508439 20.1232287935133 7.30233335000863
endloop
endfacet
facet normal 3.59355762736944e-016 1.0 7.28473691063223e-018
outer loop
vertex 1.92590869732904 20.1232287935133 11.5000000000001
vertex -5.13645594508439 20.1232287935133 7.30233335000863
vertex -5.5514377349253 20.1232287935133 7.34976628688169
endloop
endfacet
facet normal 3.59355762736944e-016 1.0 7.28473691063223e-018
outer loop
vertex 1.92590869732904 20.1232287935133 11.5000000000001
vertex -5.5514377349253 20.1232287935133 7.34976628688169
vertex -13.024091302671 20.1232287935133 11.5
endloop
endfacet
facet normal 1.0 1.18860996157569e-014 8.28421493685396e-016
outer loop
vertex 3.42590869732903 22.1232287935133 5.6399329650958e-014
vertex 3.42590869732906 19.7983202020416 11.5000000000001
vertex 3.42590869732908 19.7983202020416 3.38395977905748e-014
endloop
endfacet
facet normal 1.0 1.18860996157569e-014 8.28421493685396e-016
outer loop
vertex 3.42590869732906 19.7983202020416 11.5000000000001
vertex 3.42590869732903 22.1232287935133 5.6399329650958e-014
vertex 3.42590869732903 22.1232287935133 11.5000000000001
endloop
endfacet
facet normal -1.0 -4.46888002253288e-015 8.1219069091592e-015
outer loop
vertex -14.5240913026709 22.1232287935133 11.5000000000001
vertex -14.524091302671 19.8215279585753 3.38395977905748e-014
vertex -14.5240913026709 19.8215279585753 11.5000000000001
endloop
endfacet
facet normal -1.0 -4.46888002253288e-015 8.1219069091592e-015
outer loop
vertex -14.524091302671 19.8215279585753 3.38395977905748e-014
vertex -14.5240913026709 22.1232287935133 11.5000000000001
vertex -14.524091302671 22.1232287935133 3.38395977905748e-014
endloop
endfacet
facet normal -0.0462663461284017 0.998929139236576 1.23843326696405e-016
outer loop
vertex -19.3532867099381 19.3732287935133 11.5000000000001
vertex -14.524091302671 19.8215279585753 3.38395977905748e-014
vertex -19.3532867099381 19.3732287935133 3.38395977905748e-014
endloop
endfacet
facet normal -0.0924336026273331 0.995718850431854 2.47421415474072e-016
outer loop
vertex -14.524091302671 19.8215279585753 3.38395977905748e-014
vertex -19.3532867099381 19.3732287935133 11.5000000000001
vertex -14.5240913026709 19.8215279585753 11.5000000000001
endloop
endfacet
facet normal 0.0 1.0 0.0
outer loop
vertex -19.78860884748 19.3732287935133 5.6399329650958e-014
vertex -19.3532867099381 19.3732287935133 11.5000000000001
vertex -19.3532867099381 19.3732287935133 3.38395977905748e-014
endloop
endfacet
facet normal -0.0462663461284017 0.998929139236576 1.23843326696405e-016
outer loop
vertex -19.3532867099381 19.3732287935133 11.5000000000001
vertex -19.78860884748 19.3732287935133 5.6399329650958e-014
vertex -19.78860884748 19.3732287935133 11.5000000000001
endloop
endfacet
facet normal 0.0867944773022631 0.996226238717806 4.02914717226033e-017
outer loop
vertex 3.42590869732908 19.7983202020416 3.38395977905748e-014
vertex 8.30510410459604 19.3732287935134 11.5000000000001
vertex 8.30510410459604 19.3732287935134 1.12798659301916e-014
endloop
endfacet
facet normal 0.0434382393876289 0.999056114219268 2.01647691001267e-017
outer loop
vertex 8.30510410459604 19.3732287935134 11.5000000000001
vertex 3.42590869732908 19.7983202020416 3.38395977905748e-014
vertex 3.42590869732906 19.7983202020416 11.5000000000001
endloop
endfacet
facet normal 0.0434382393876289 0.999056114219268 2.01647691001267e-017
outer loop
vertex 8.30510410459604 19.3732287935134 11.5000000000001
vertex 8.74042624213805 19.3732287935134 5.6399329650958e-014
vertex 8.30510410459604 19.3732287935134 1.12798659301916e-014
endloop
endfacet
facet normal 0.0 1.0 0.0
outer loop
vertex 8.74042624213805 19.3732287935134 5.6399329650958e-014
vertex 8.30510410459604 19.3732287935134 11.5000000000001
vertex 8.74042624213805 19.3732287935134 11.5000000000001
endloop
endfacet
facet normal -0.0785861011701597 -0.99690733004772 3.06364806807184e-018
outer loop
vertex -19.353286709938 17.9337601916042 11.5000000000001
vertex -20.4476955999313 17.9337601916043 5.6399329650958e-014
vertex -19.353286709938 17.9337601916042 3.38395977905748e-014
endloop
endfacet
facet normal -2.06136226290079e-014 -1.0 -2.97315435164779e-032
outer loop
vertex -20.4476955999313 17.9337601916043 5.6399329650958e-014
vertex -19.353286709938 17.9337601916042 11.5000000000001
vertex -20.4476955999313 17.9337601916043 11.5000000000001
endloop
endfacet
facet normal -0.156686120592788 -0.98764844940575 6.10834643149478e-018
outer loop
vertex -11.4740913026709 16.6837601916042 5.6399329650958e-014
vertex -19.353286709938 17.9337601916042 11.5000000000001
vertex -19.353286709938 17.9337601916042 3.38395977905748e-014
endloop
endfacet
facet normal -0.0785861011701597 -0.99690733004772 3.06364806807184e-018
outer loop
vertex -19.353286709938 17.9337601916042 11.5000000000001
vertex -11.4740913026709 16.6837601916042 5.6399329650958e-014
vertex -11.4740913026709 16.6837601916042 11.5000000000001
endloop
endfacet
facet normal -4.12272452580157e-014 -1.0 2.64315829273919e-031
outer loop
vertex 9.39951299458921 17.9337601916043 5.6399329650958e-014
vertex 8.30510410459608 17.9337601916043 11.5000000000001
vertex 8.30510410459608 17.9337601916043 3.38395977905748e-014
endloop
endfacet
facet normal 0.0785861011701311 -0.996907330047722 -9.67656100480067e-019
outer loop
vertex 8.30510410459608 17.9337601916043 11.5000000000001
vertex 9.39951299458921 17.9337601916043 5.6399329650958e-014
vertex 9.39951299458921 17.9337601916043 11.5000000000001
endloop
endfacet
facet normal 0.0785861011701311 -0.996907330047722 -9.67656100480067e-019
outer loop
vertex 8.30510410459608 17.9337601916043 11.5000000000001
vertex 0.425908697329061 16.6837601916043 5.6399329650958e-014
vertex 8.30510410459608 17.9337601916043 3.38395977905748e-014
endloop
endfacet
facet normal 0.156686120592793 -0.987648449405749 -1.92932691906821e-018
outer loop
vertex 0.425908697329061 16.6837601916043 5.6399329650958e-014
vertex 8.30510410459608 17.9337601916043 11.5000000000001
vertex 0.425908697329038 16.6837601916043 11.5000000000001
endloop
endfacet
facet normal 0.0366704370469204 0.999327413336984 -6.16673529069559e-030
outer loop
vertex -27.4324821172051 4.04790854015478 7.89590615113411e-014
vertex -19.3532867099381 4.04790854015476 11.5000000000001
vertex -19.3532867099381 4.04790854015476 3.38395977905748e-014
endloop
endfacet
facet normal -0.123971704906619 0.9922857533909 8.01273367986119e-018
outer loop
vertex -19.3532867099381 4.04790854015476 11.5000000000001
vertex -27.4324821172051 4.04790854015478 7.89590615113411e-014
vertex -27.4324821172051 4.04790854015478 11.5000000000001
endloop
endfacet
facet normal -0.123971704906619 0.9922857533909 8.01273367986119e-018
outer loop
vertex -19.3532867099381 4.04790854015476 11.5000000000001
vertex -11.474091302671 6.04790854015482 5.6399329650958e-014
vertex -19.3532867099381 4.04790854015476 3.38395977905748e-014
endloop
endfacet
facet normal -0.24603071320484 0.969262032765092 1.59018429524834e-017
outer loop
vertex -11.474091302671 6.04790854015482 5.6399329650958e-014
vertex -19.3532867099381 4.04790854015476 11.5000000000001
vertex -11.474091302671 6.04790854015482 11.5000000000001
endloop
endfacet
facet normal -0.0010557195465905 0.999999442727964 -1.07392598537798e-018
outer loop
vertex -11.5342489939272 4.03528196086347 3.38395977905748e-014
vertex -6.38118955174846 4.04072214947297 4.3803145820983
vertex 0.425908697329174 4.04790854015487 5.6399329650958e-014
endloop
endfacet
facet normal -0.0010557195465905 0.999999442727964 -1.07392598537798e-018
outer loop
vertex -6.38118955174846 4.04072214947297 4.3803145820983
vertex -11.5342489939272 4.03528196086347 3.38395977905748e-014
vertex -6.70751002333189 4.04037764638069 4.64103397252249
endloop
endfacet
facet normal -0.0010557195465905 0.999999442727964 -1.07392598537798e-018
outer loop
vertex -6.70751002333189 4.04037764638069 4.64103397252249
vertex -11.5342489939272 4.03528196086347 3.38395977905748e-014
vertex -6.95523228841608 4.04011612099757 4.97732756506627
endloop
endfacet
facet normal -0.0010557195465905 0.999999442727964 -1.07392598537798e-018
outer loop
vertex -6.95523228841608 4.04011612099757 4.97732756506627
vertex -11.5342489939272 4.03528196086347 3.38395977905748e-014
vertex -11.5342489939273 4.03528196086347 11.5000000000001
endloop
endfacet
facet normal -0.0010557195465905 0.999999442727964 -1.07392598537798e-018
outer loop
vertex 0.425908697329174 4.04790854015487 5.6399329650958e-014
vertex -6.38118955174846 4.04072214947297 4.3803145820983
vertex -5.99850907453414 4.04112615295801 4.21293698939193
endloop
endfacet
facet normal -0.0010557195465905 0.999999442727964 -1.07392598537798e-018
outer loop
vertex 0.425908697329174 4.04790854015487 5.6399329650958e-014
vertex -5.99850907453414 4.04112615295801 4.21293698939193
vertex -5.58554763380171 4.04156212466595 4.15030770074179
endloop
endfacet
facet normal -0.0010557195465905 0.999999442727964 -1.07392598537798e-018
outer loop
vertex -6.95523228841608 4.04011612099757 4.97732756506627
vertex -11.5342489939273 4.03528196086347 11.5000000000001
vertex -7.10747448401597 4.03995539584629 5.36627750714921
endloop
endfacet
facet normal -0.0010557195465905 0.999999442727964 -1.07392598537798e-018
outer loop
vertex -7.10747448401597 4.03995539584629 5.36627750714921
vertex -11.5342489939273 4.03528196086347 11.5000000000001
vertex -7.15386155609352 4.0399064240803 5.78137750298853
endloop
endfacet
facet normal -0.0010557195465905 0.999999442727964 -1.07392598537798e-018
outer loop
vertex -7.15386155609352 4.0399064240803 5.78137750298853
vertex -11.5342489939273 4.03528196086347 11.5000000000001
vertex -7.09123230234492 4.03997254304453 6.19433917385297
endloop
endfacet
facet normal -0.0010557195465905 0.999999442727964 -1.07392598537798e-018
outer loop
vertex -7.09123230234492 4.03997254304453 6.19433917385297
vertex -11.5342489939273 4.03528196086347 11.5000000000001
vertex -6.9238548029134 4.04014924684082 6.57701986432453
endloop
endfacet
facet normal -0.0010557195465905 0.999999442727964 -1.07392598537798e-018
outer loop
vertex -6.9238548029134 4.04014924684082 6.57701986432453
vertex -11.5342489939273 4.03528196086347 11.5000000000001
vertex -6.66313555778084 4.04042449339745 6.90334051775733
endloop
endfacet
facet normal -0.0010557195465905 0.999999442727964 -1.07392598537798e-018
outer loop
vertex -6.66313555778084 4.04042449339745 6.90334051775733
vertex -11.5342489939273 4.03528196086347 11.5000000000001
vertex -6.32684215264409 4.0407795251165 7.1510629208903
endloop
endfacet
facet normal -0.0010557195465905 0.999999442727964 -1.07392598537798e-018
outer loop
vertex -6.32684215264409 4.0407795251165 7.1510629208903
vertex -11.5342489939273 4.03528196086347 11.5000000000001
vertex -5.93789242731206 4.04119014717302 7.30330520133054
endloop
endfacet
facet normal -0.0010557195465905 0.999999442727964 -1.07392598537798e-018
outer loop
vertex -5.93789242731206 4.04119014717302 7.30330520133054
vertex -11.5342489939273 4.03528196086347 11.5000000000001
vertex -5.52279266279635 4.0416283763524 7.34969229925833
endloop
endfacet
facet normal -0.0010557195465905 0.999999442727964 -1.07392598537798e-018
outer loop
vertex 0.425908697329174 4.04790854015487 5.6399329650958e-014
vertex -4.18448549368466 4.04304125417753 4.92298013567558
vertex 0.425908697329174 4.04790854015487 11.5000000000001
endloop
endfacet
facet normal -0.0010557195465905 0.999999442727964 -1.07392598537798e-018
outer loop
vertex -4.18448549368466 4.04304125417753 4.92298013567558
vertex 0.425908697329174 4.04790854015487 5.6399329650958e-014
vertex -4.44520473881722 4.04276600762089 4.59665948224278
endloop
endfacet
facet normal -0.0010557195465905 0.999999442727964 -1.07392598537798e-018
outer loop
vertex -4.44520473881722 4.04276600762089 4.59665948224278
vertex 0.425908697329174 4.04790854015487 5.6399329650958e-014
vertex -4.78149814395397 4.04241097590184 4.34893707910982
endloop
endfacet
facet normal -0.0010557195465905 0.999999442727964 -1.07392598537798e-018
outer loop
vertex -4.78149814395397 4.04241097590184 4.34893707910982
vertex 0.425908697329174 4.04790854015487 5.6399329650958e-014
vertex -5.170447869286 4.04200035384532 4.19669479866957
endloop
endfacet
facet normal -0.0010557195465905 0.999999442727964 -1.07392598537798e-018
outer loop
vertex -5.170447869286 4.04200035384532 4.19669479866957
vertex 0.425908697329174 4.04790854015487 5.6399329650958e-014
vertex -5.58554763380171 4.04156212466595 4.15030770074179
endloop
endfacet
facet normal -0.0010557195465905 0.999999442727964 -1.07392598537798e-018
outer loop
vertex 0.425908697329174 4.04790854015487 11.5000000000001
vertex -4.18448549368466 4.04304125417753 4.92298013567558
vertex -4.01710799425314 4.04321795797381 5.30566082614715
endloop
endfacet
facet normal -0.0010557195465905 0.999999442727964 -1.07392598537798e-018
outer loop
vertex 0.425908697329174 4.04790854015487 11.5000000000001
vertex -4.01710799425314 4.04321795797381 5.30566082614715
vertex -3.95447874050455 4.04328407693804 5.71862249701158
endloop
endfacet
facet normal -0.0010557195465905 0.999999442727964 -1.07392598537798e-018
outer loop
vertex 0.425908697329174 4.04790854015487 11.5000000000001
vertex -3.95447874050455 4.04328407693804 5.71862249701158
vertex -4.00086581258209 4.04323510517205 6.13372249285091
endloop
endfacet
facet normal -0.0010557195465905 0.999999442727964 -1.07392598537798e-018
outer loop
vertex 0.425908697329174 4.04790854015487 11.5000000000001
vertex -4.00086581258209 4.04323510517205 6.13372249285091
vertex -4.15310800818198 4.04307438002077 6.52267243493385
endloop
endfacet
facet normal -0.0010557195465905 0.999999442727964 -1.07392598537798e-018
outer loop
vertex 0.425908697329174 4.04790854015487 11.5000000000001
vertex -4.15310800818198 4.04307438002077 6.52267243493385
vertex -4.40083027326618 4.04281285463765 6.85896602747763
endloop
endfacet
facet normal -0.0010557195465905 0.999999442727964 -1.07392598537798e-018
outer loop
vertex 0.425908697329174 4.04790854015487 11.5000000000001
vertex -4.40083027326618 4.04281285463765 6.85896602747763
vertex -4.72715074484961 4.04246835154537 7.11968541790182
endloop
endfacet
facet normal -0.0010557195465905 0.999999442727964 -1.07392598537798e-018
outer loop
vertex 0.425908697329174 4.04790854015487 11.5000000000001
vertex -4.72715074484961 4.04246835154537 7.11968541790182
vertex -5.10983122206392 4.04206434806033 7.28706301060818
endloop
endfacet
facet normal -0.0010557195465905 0.999999442727964 -1.07392598537798e-018
outer loop
vertex 0.425908697329174 4.04790854015487 11.5000000000001
vertex -5.10983122206392 4.04206434806033 7.28706301060818
vertex -5.52279266279635 4.0416283763524 7.34969229925833
endloop
endfacet
facet normal -0.0010557195465905 0.999999442727964 -1.07392598537798e-018
outer loop
vertex 0.425908697329174 4.04790854015487 11.5000000000001
vertex -5.52279266279635 4.0416283763524 7.34969229925833
vertex -11.5342489939273 4.03528196086347 11.5000000000001
endloop
endfacet
facet normal 0.246030713204842 0.969262032765091 5.03042612265248e-019
outer loop
vertex 0.425908697329129 6.04790854015491 5.6399329650958e-014
vertex 8.30510410459608 4.04790854015487 11.5
vertex 8.3051041045961 4.04790854015487 3.38395977905748e-014
endloop
endfacet
facet normal 0.12397170490662 0.9922857533909 2.53476687812017e-019
outer loop
vertex 8.30510410459608 4.04790854015487 11.5
vertex 0.425908697329129 6.04790854015491 5.6399329650958e-014
vertex 0.425908697329106 6.04790854015491 11.5000000000001
endloop
endfacet
facet normal 0.12397170490662 0.9922857533909 2.53476687812017e-019
outer loop
vertex 8.30510410459608 4.04790854015487 11.5
vertex 16.3842995118631 4.0479085401549 5.6399329650958e-014
vertex 8.3051041045961 4.04790854015487 3.38395977905748e-014
endloop
endfacet
facet normal -0.03667043704694 0.999327413336984 -4.64045265685641e-020
outer loop
vertex 16.3842995118631 4.0479085401549 5.6399329650958e-014
vertex 8.30510410459608 4.04790854015487 11.5
vertex 16.3842995118632 4.0479085401549 11.5000000000001
endloop
endfacet
facet normal 1.22870098831252e-016 7.3867130167506e-017 1.0
outer loop
vertex -37.847476781303 9.73401182973579 11.5000000000001
vertex -38.1578556435917 15.1219755943465 11.5000000000001
vertex -38.3573356557081 12.4075626358317 11.5000000000001
endloop
endfacet
facet normal 1.22870098831252e-016 7.3867130167506e-017 1.0
outer loop
vertex -38.1578556435917 15.1219755943465 11.5000000000001
vertex -37.847476781303 9.73401182973579 11.5000000000001
vertex -37.2626309781236 17.6922679479365 11.5000000000001
endloop
endfacet
facet normal 1.22870098831252e-016 7.3867130167506e-017 1.0
outer loop
vertex -37.2626309781236 17.6922679479365 11.5000000000001
vertex -37.847476781303 9.73401182973579 11.5000000000001
vertex -36.6630250600857 7.2835212452423 11.5000000000001
endloop
endfacet
facet normal 1.22870098831252e-016 7.3867130167506e-017 1.0
outer loop
vertex -37.2626309781236 17.6922679479365 11.5000000000001
vertex -36.6630250600857 7.2835212452423 11.5000000000001
vertex -36.9078489667287 12.4910617180608 11.5000000000001
endloop
endfacet
facet normal 1.22870098831252e-016 7.3867130167506e-017 1.0
outer loop
vertex -36.9078489667287 12.4910617180608 11.5000000000001
vertex -36.6630250600857 7.2835212452423 11.5000000000001
vertex -36.4689913062851 10.1898205104627 11.5000000000001
endloop
endfacet
facet normal 1.22870098831252e-016 7.3867130167506e-017 1.0
outer loop
vertex -36.4689913062851 10.1898205104627 11.5000000000001
vertex -36.6630250600857 7.2835212452423 11.5000000000001
vertex -34.884698919458 5.22308776605735 11.5000000000001
endloop
endfacet
facet normal 1.22870098831252e-016 7.3867130167506e-017 1.0
outer loop
vertex -36.4689913062851 10.1898205104627 11.5000000000001
vertex -34.884698919458 5.22308776605735 11.5000000000001
vertex -35.4494823060966 8.08057691613497 11.5000000000001
endloop
endfacet
facet normal 1.22870098831252e-016 7.3867130167506e-017 1.0
outer loop
vertex -35.4494823060966 8.08057691613497 11.5000000000001
vertex -34.884698919458 5.22308776605735 11.5000000000001
vertex -33.918799819708 6.30707240034126 11.5000000000001
endloop
endfacet
facet normal 1.22870098831252e-016 7.3867130167506e-017 1.0
outer loop
vertex -33.918799819708 6.30707240034126 11.5000000000001
vertex -34.884698919458 5.22308776605735 11.5000000000001
vertex -32.6336883470808 3.69312652875998 11.5000000000001
endloop
endfacet
facet normal 1.22870098831252e-016 7.3867130167506e-017 1.0
outer loop
vertex -33.918799819708 6.30707240034126 11.5000000000001
vertex -32.6336883470808 3.69312652875998 11.5000000000001
vertex -31.9812573289941 4.99016836497796 11.5000000000001
endloop
endfacet
facet normal 1.22870098831252e-016 7.3867130167506e-017 1.0
outer loop
vertex -31.9812573289941 4.99016836497796 11.5000000000001
vertex -32.6336883470808 3.69312652875998 11.5000000000001
vertex -30.0633959934907 2.79790186329184 11.5000000000001
endloop
endfacet
facet normal 1.22870098831252e-016 7.3867130167506e-017 1.0
outer loop
vertex -31.9812573289941 4.99016836497796 11.5000000000001
vertex -30.0633959934907 2.79790186329184 11.5000000000001
vertex -29.7688951527567 4.21960964376851 11.5000000000001
endloop
endfacet
facet normal 1.22870098831252e-016 7.3867130167506e-017 1.0
outer loop
vertex -29.7688951527567 4.21960964376851 11.5000000000001
vertex -30.0633959934907 2.79790186329184 11.5000000000001
vertex -27.2011975943583 2.58756121871612 11.5000000000001
endloop
endfacet
facet normal 1.22870098831252e-016 7.3867130167506e-017 1.0
outer loop
vertex -29.7688951527567 4.21960964376851 11.5000000000001
vertex -27.2011975943583 2.58756121871612 11.5000000000001
vertex -27.4324821172051 4.04790854015478 11.5000000000001
endloop
endfacet
facet normal 1.22870098831252e-016 7.3867130167506e-017 1.0
outer loop
vertex -27.4324821172051 4.04790854015478 11.5000000000001
vertex -27.2011975943583 2.58756121871612 11.5000000000001
vertex -19.3532867099381 4.04790854015476 11.5000000000001
endloop
endfacet
facet normal 1.22870098831252e-016 7.3867130167506e-017 1.0
outer loop
vertex -19.3532867099381 4.04790854015476 11.5000000000001
vertex -27.2011975943583 2.58756121871612 11.5000000000001
vertex 16.1530149890161 2.58756121871626 11.5000000000001
endloop
endfacet
facet normal 1.22870098831252e-016 7.3867130167506e-017 1.0
outer loop
vertex -19.3532867099381 4.04790854015476 11.5000000000001
vertex 16.1530149890161 2.58756121871626 11.5000000000001
vertex -11.5342489939273 4.03528196086347 11.5000000000001
endloop
endfacet
facet normal 1.22870098831252e-016 7.3867130167506e-017 1.0
outer loop
vertex -11.5342489939273 4.03528196086347 11.5000000000001
vertex 16.1530149890161 2.58756121871626 11.5000000000001
vertex 0.425908697329174 4.04790854015487 11.5000000000001
endloop
endfacet
facet normal 1.22870098831252e-016 7.3867130167506e-017 1.0
outer loop
vertex 0.425908697329174 4.04790854015487 11.5000000000001
vertex 16.1530149890161 2.58756121871626 11.5000000000001
vertex 8.30510410459608 4.04790854015487 11.5
endloop
endfacet
facet normal 1.22870098831252e-016 7.3867130167506e-017 1.0
outer loop
vertex 8.30510410459608 4.04790854015487 11.5
vertex 16.1530149890161 2.58756121871626 11.5000000000001
vertex 16.3842995118632 4.0479085401549 11.5000000000001
endloop
endfacet
facet normal 1.22870098831252e-016 7.3867130167506e-017 1.0
outer loop
vertex 16.3842995118632 4.0479085401549 11.5000000000001
vertex 16.1530149890161 2.58756121871626 11.5000000000001
vertex 19.0152133881488 2.79790186329189 11.5000000000001
endloop
endfacet
facet normal 1.22870098831252e-016 7.3867130167506e-017 1.0
outer loop
vertex 16.3842995118632 4.0479085401549 11.5000000000001
vertex 19.0152133881488 2.79790186329189 11.5000000000001
vertex 18.7207125474148 4.21960964376872 11.5000000000001
endloop
endfacet
facet normal 1.22870098831252e-016 7.3867130167506e-017 1.0
outer loop
vertex 18.7207125474148 4.21960964376872 11.5000000000001
vertex 19.0152133881488 2.79790186329189 11.5000000000001
vertex 20.9330747236521 4.99016836497818 11.5
endloop
endfacet
facet normal 1.22870098831252e-016 7.3867130167506e-017 1.0
outer loop
vertex 20.9330747236521 4.99016836497818 11.5
vertex 19.0152133881488 2.79790186329189 11.5000000000001
vertex 21.5855057417389 3.69312652876014 11.5000000000001
endloop
endfacet
facet normal 1.22870098831252e-016 7.3867130167506e-017 1.0
outer loop
vertex 20.9330747236521 4.99016836497818 11.5
vertex 21.5855057417389 3.69312652876014 11.5000000000001
vertex 22.870617214366 6.30707240034135 11.5000000000001
endloop
endfacet
facet normal 1.22870098831252e-016 7.3867130167506e-017 1.0
outer loop
vertex 22.870617214366 6.30707240034135 11.5000000000001
vertex 21.5855057417389 3.69312652876014 11.5000000000001
vertex 23.8365163141162 5.22308776605744 11.5000000000001
endloop
endfacet
facet normal 1.22870098831252e-016 7.3867130167506e-017 1.0
outer loop
vertex 22.870617214366 6.30707240034135 11.5000000000001
vertex 23.8365163141162 5.22308776605744 11.5000000000001
vertex 24.4012997007548 8.08057691613517 11.5000000000001
endloop
endfacet
facet normal 1.22870098831252e-016 7.3867130167506e-017 1.0
outer loop
vertex 24.4012997007548 8.08057691613517 11.5000000000001
vertex 23.8365163141162 5.22308776605744 11.5000000000001
vertex 25.6148424547439 7.28352124524244 11.5000000000001
endloop
endfacet
facet normal 1.22870098831252e-016 7.3867130167506e-017 1.0
outer loop
vertex 24.4012997007548 8.08057691613517 11.5000000000001
vertex 25.6148424547439 7.28352124524244 11.5000000000001
vertex 25.4208087009432 10.1898205104628 11.5
endloop
endfacet
facet normal 1.22870098831252e-016 7.3867130167506e-017 1.0
outer loop
vertex 25.4208087009432 10.1898205104628 11.5
vertex 25.6148424547439 7.28352124524244 11.5000000000001
vertex 25.8596663613867 12.4910617180609 11.5
endloop
endfacet
facet normal 1.22870098831252e-016 7.3867130167506e-017 1.0
outer loop
vertex 25.8596663613867 12.4910617180609 11.5
vertex 25.6148424547439 7.28352124524244 11.5000000000001
vertex 26.799294175961 9.73401182973606 11.5
endloop
endfacet
facet normal 1.22870098831252e-016 7.3867130167506e-017 1.0
outer loop
vertex 25.8596663613867 12.4910617180609 11.5
vertex 26.799294175961 9.73401182973606 11.5
vertex 26.2144483727816 17.6922679479366 11.5000000000001
endloop
endfacet
facet normal 1.22870098831252e-016 7.3867130167506e-017 1.0
outer loop
vertex 26.2144483727816 17.6922679479366 11.5000000000001
vertex 26.799294175961 9.73401182973606 11.5
vertex 27.1096730382498 15.1219755943466 11.5000000000001
endloop
endfacet
facet normal 1.22870098831252e-016 7.3867130167506e-017 1.0
outer loop
vertex 27.1096730382498 15.1219755943466 11.5000000000001
vertex 26.799294175961 9.73401182973606 11.5
vertex 27.3091530503662 12.4075626358319 11.5000000000001
endloop
endfacet
facet normal 1.22870098831252e-016 7.3867130167506e-017 1.0
outer loop
vertex 8.30510410459608 17.9337601916043 11.5000000000001
vertex 8.74042624213805 19.3732287935134 11.5000000000001
vertex 8.30510410459604 19.3732287935134 11.5000000000001
endloop
endfacet
facet normal 1.22870098831252e-016 7.3867130167506e-017 1.0
outer loop
vertex 8.74042624213805 19.3732287935134 11.5000000000001
vertex 8.30510410459608 17.9337601916043 11.5000000000001
vertex 9.39951299458921 17.9337601916043 11.5000000000001
endloop
endfacet
facet normal 1.22870098831252e-016 7.3867130167506e-017 1.0
outer loop
vertex 8.74042624213805 19.3732287935134 11.5000000000001
vertex 9.39951299458921 17.9337601916043 11.5000000000001
vertex 9.96429638122793 20.791249341682 11.5000000000001
endloop
endfacet
facet normal 1.22870098831252e-016 7.3867130167506e-017 1.0
outer loop
vertex 9.96429638122793 20.791249341682 11.5000000000001
vertex 9.39951299458921 17.9337601916043 11.5000000000001
vertex 10.9301954809777 19.7072647073982 11.5000000000001
endloop
endfacet
facet normal 1.22870098831252e-016 7.3867130167506e-017 1.0
outer loop
vertex 9.96429638122793 20.791249341682 11.5000000000001
vertex 10.9301954809777 19.7072647073982 11.5000000000001
vertex 12.2153069536051 22.3212105789793 11.5000000000001
endloop
endfacet
facet normal 1.22870098831252e-016 7.3867130167506e-017 1.0
outer loop
vertex 12.2153069536051 22.3212105789793 11.5000000000001
vertex 10.9301954809777 19.7072647073982 11.5000000000001
vertex 12.8677379716917 21.0241687427612 11.5000000000001
endloop
endfacet
facet normal 1.22870098831252e-016 7.3867130167506e-017 1.0
outer loop
vertex 12.2153069536051 22.3212105789793 11.5000000000001
vertex 12.8677379716917 21.0241687427612 11.5000000000001
vertex 14.7855993071951 23.2164352444475 11.5000000000001
endloop
endfacet
facet normal 1.22870098831252e-016 7.3867130167506e-017 1.0
outer loop
vertex 14.7855993071951 23.2164352444475 11.5000000000001
vertex 12.8677379716917 21.0241687427612 11.5000000000001
vertex 15.0801001479291 21.7947274639707 11.5000000000001
endloop
endfacet
facet normal 1.22870098831252e-016 7.3867130167506e-017 1.0
outer loop
vertex 14.7855993071951 23.2164352444475 11.5000000000001
vertex 15.0801001479291 21.7947274639707 11.5000000000001
vertex 17.5000122657096 23.415915256564 11.5000000000001
endloop
endfacet
facet normal 1.22870098831252e-016 7.3867130167506e-017 1.0
outer loop
vertex 17.5000122657096 23.415915256564 11.5000000000001
vertex 15.0801001479291 21.7947274639707 11.5000000000001
vertex 17.4165131834807 21.9664285675845 11.5000000000001
endloop
endfacet
facet normal 1.22870098831252e-016 7.3867130167506e-017 1.0
outer loop
vertex 17.5000122657096 23.415915256564 11.5000000000001
vertex 17.4165131834807 21.9664285675845 11.5000000000001
vertex 19.7177543910788 21.5275709071409 11.5000000000001
endloop
endfacet
facet normal 1.22870098831252e-016 7.3867130167506e-017 1.0
outer loop
vertex 17.5000122657096 23.415915256564 11.5000000000001
vertex 19.7177543910788 21.5275709071409 11.5000000000001
vertex 20.1735630718058 22.9060563821588 11.5000000000001
endloop
endfacet
facet normal 1.22870098831252e-016 7.3867130167506e-017 1.0
outer loop
vertex 20.1735630718058 22.9060563821588 11.5000000000001
vertex 19.7177543910788 21.5275709071409 11.5000000000001
vertex 21.8269979854067 20.5080619069524 11.5000000000001
endloop
endfacet
facet normal 1.22870098831252e-016 7.3867130167506e-017 1.0
outer loop
vertex 20.1735630718058 22.9060563821588 11.5000000000001
vertex 21.8269979854067 20.5080619069524 11.5000000000001
vertex 22.6240536562993 21.7216046609415 11.5000000000001
endloop
endfacet
facet normal 1.22870098831252e-016 7.3867130167506e-017 1.0
outer loop
vertex 22.6240536562993 21.7216046609415 11.5000000000001
vertex 21.8269979854067 20.5080619069524 11.5000000000001
vertex 23.6005025012005 18.9773794205639 11.5
endloop
endfacet
facet normal 1.22870098831252e-016 7.3867130167506e-017 1.0
outer loop
vertex 22.6240536562993 21.7216046609415 11.5000000000001
vertex 23.6005025012005 18.9773794205639 11.5
vertex 24.6844871354842 19.9432785203139 11.5000000000001
endloop
endfacet
facet normal 1.22870098831252e-016 7.3867130167506e-017 1.0
outer loop
vertex 24.6844871354842 19.9432785203139 11.5000000000001
vertex 23.6005025012005 18.9773794205639 11.5
vertex 24.9174065365635 17.0398369298499 11.5000000000001
endloop
endfacet
facet normal 1.22870098831252e-016 7.3867130167506e-017 1.0
outer loop
vertex 24.6844871354842 19.9432785203139 11.5000000000001
vertex 24.9174065365635 17.0398369298499 11.5000000000001
vertex 26.2144483727816 17.6922679479366 11.5000000000001
endloop
endfacet
facet normal 1.22870098831252e-016 7.3867130167506e-017 1.0
outer loop
vertex 26.2144483727816 17.6922679479366 11.5000000000001
vertex 24.9174065365635 17.0398369298499 11.5000000000001
vertex 25.6879652577729 14.8274747536125 11.5000000000001
endloop
endfacet
facet normal 1.22870098831252e-016 7.3867130167506e-017 1.0
outer loop
vertex 26.2144483727816 17.6922679479366 11.5000000000001
vertex 25.6879652577729 14.8274747536125 11.5000000000001
vertex 25.8596663613867 12.4910617180609 11.5
endloop
endfacet
facet normal 1.22870098831252e-016 7.3867130167506e-017 1.0
outer loop
vertex 8.30510410459608 4.04790854015487 11.5
vertex 0.425908697329106 6.04790854015491 11.5000000000001
vertex 0.425908697329174 4.04790854015487 11.5000000000001
endloop
endfacet
facet normal 1.22870098831252e-016 7.3867130167506e-017 1.0
outer loop
vertex -11.474091302671 6.04790854015482 11.5000000000001
vertex -19.3532867099381 4.04790854015476 11.5000000000001
vertex -11.5342489939273 4.03528196086347 11.5000000000001
endloop
endfacet
facet normal 1.22870098831252e-016 7.3867130167506e-017 1.0
outer loop
vertex -37.2626309781236 17.6922679479365 11.5000000000001
vertex -36.736147863115 14.8274747536124 11.5000000000001
vertex -35.7326697408262 19.9432785203136 11.5000000000001
endloop
endfacet
facet normal 1.22870098831252e-016 7.3867130167506e-017 1.0
outer loop
vertex -36.736147863115 14.8274747536124 11.5000000000001
vertex -37.2626309781236 17.6922679479365 11.5000000000001
vertex -36.9078489667287 12.4910617180608 11.5000000000001
endloop
endfacet
facet normal 1.22870098831252e-016 7.3867130167506e-017 1.0
outer loop
vertex -35.7326697408262 19.9432785203136 11.5000000000001
vertex -36.736147863115 14.8274747536124 11.5000000000001
vertex -35.9655891419056 17.0398369298498 11.5000000000001
endloop
endfacet
facet normal 1.22870098831252e-016 7.3867130167506e-017 1.0
outer loop
vertex -35.7326697408262 19.9432785203136 11.5000000000001
vertex -35.9655891419056 17.0398369298498 11.5000000000001
vertex -34.6486851065423 18.9773794205636 11.5000000000001
endloop
endfacet
facet normal 1.22870098831252e-016 7.3867130167506e-017 1.0
outer loop
vertex -35.7326697408262 19.9432785203136 11.5000000000001
vertex -34.6486851065423 18.9773794205636 11.5000000000001
vertex -33.6722362616413 21.7216046609413 11.5000000000001
endloop
endfacet
facet normal 1.22870098831252e-016 7.3867130167506e-017 1.0
outer loop
vertex -33.6722362616413 21.7216046609413 11.5000000000001
vertex -34.6486851065423 18.9773794205636 11.5000000000001
vertex -32.8751805907485 20.5080619069524 11.5000000000001
endloop
endfacet
facet normal 1.22870098831252e-016 7.3867130167506e-017 1.0
outer loop
vertex -33.6722362616413 21.7216046609413 11.5000000000001
vertex -32.8751805907485 20.5080619069524 11.5000000000001
vertex -31.2217456771478 22.9060563821587 11.5000000000001
endloop
endfacet
facet normal 1.22870098831252e-016 7.3867130167506e-017 1.0
outer loop
vertex -31.2217456771478 22.9060563821587 11.5000000000001
vertex -32.8751805907485 20.5080619069524 11.5000000000001
vertex -30.7659369964208 21.5275709071408 11.5000000000001
endloop
endfacet
facet normal 1.22870098831252e-016 7.3867130167506e-017 1.0
outer loop
vertex -31.2217456771478 22.9060563821587 11.5000000000001
vertex -30.7659369964208 21.5275709071408 11.5000000000001
vertex -28.5481948710518 23.4159152565638 11.5000000000001
endloop
endfacet
facet normal 1.22870098831252e-016 7.3867130167506e-017 1.0
outer loop
vertex -28.5481948710518 23.4159152565638 11.5000000000001
vertex -30.7659369964208 21.5275709071408 11.5000000000001
vertex -28.4646957888228 21.9664285675844 11.5000000000001
endloop
endfacet
facet normal 1.22870098831252e-016 7.3867130167506e-017 1.0
outer loop
vertex -28.5481948710518 23.4159152565638 11.5000000000001
vertex -28.4646957888228 21.9664285675844 11.5000000000001
vertex -25.8337819125372 23.2164352444474 11.5000000000001
endloop
endfacet
facet normal 1.22870098831252e-016 7.3867130167506e-017 1.0
outer loop
vertex -25.8337819125372 23.2164352444474 11.5000000000001
vertex -28.4646957888228 21.9664285675844 11.5000000000001
vertex -26.1282827532713 21.7947274639706 11.5000000000001
endloop
endfacet
facet normal 1.22870098831252e-016 7.3867130167506e-017 1.0
outer loop
vertex -25.8337819125372 23.2164352444474 11.5000000000001
vertex -26.1282827532713 21.7947274639706 11.5000000000001
vertex -23.9159205770338 21.0241687427611 11.5000000000001
endloop
endfacet
facet normal 1.22870098831252e-016 7.3867130167506e-017 1.0
outer loop
vertex -25.8337819125372 23.2164352444474 11.5000000000001
vertex -23.9159205770338 21.0241687427611 11.5000000000001
vertex -23.2634895589471 22.3212105789791 11.5000000000001
endloop
endfacet
facet normal 1.22870098831252e-016 7.3867130167506e-017 1.0
outer loop
vertex -23.2634895589471 22.3212105789791 11.5000000000001
vertex -23.9159205770338 21.0241687427611 11.5000000000001
vertex -21.9783780863199 19.7072647073981 11.5000000000001
endloop
endfacet
facet normal 1.22870098831252e-016 7.3867130167506e-017 1.0
outer loop
vertex -23.2634895589471 22.3212105789791 11.5000000000001
vertex -21.9783780863199 19.7072647073981 11.5000000000001
vertex -21.0124789865699 20.7912493416818 11.5000000000001
endloop
endfacet
facet normal 1.22870098831252e-016 7.3867130167506e-017 1.0
outer loop
vertex -21.0124789865699 20.7912493416818 11.5000000000001
vertex -21.9783780863199 19.7072647073981 11.5000000000001
vertex -20.4476955999313 17.9337601916043 11.5000000000001
endloop
endfacet
facet normal 1.22870098831252e-016 7.3867130167506e-017 1.0
outer loop
vertex -21.0124789865699 20.7912493416818 11.5000000000001
vertex -20.4476955999313 17.9337601916043 11.5000000000001
vertex -19.78860884748 19.3732287935133 11.5000000000001
endloop
endfacet
facet normal 1.22870098831252e-016 7.3867130167506e-017 1.0
outer loop
vertex -19.78860884748 19.3732287935133 11.5000000000001
vertex -20.4476955999313 17.9337601916043 11.5000000000001
vertex -19.353286709938 17.9337601916042 11.5000000000001
endloop
endfacet
facet normal 1.22870098831252e-016 7.3867130167506e-017 1.0
outer loop
vertex -19.78860884748 19.3732287935133 11.5000000000001
vertex -19.353286709938 17.9337601916042 11.5000000000001
vertex -19.3532867099381 19.3732287935133 11.5000000000001
endloop
endfacet
facet normal -2.66990362324876e-016 -5.75695187154654e-016 -1.0
outer loop
vertex -13.0240913026709 22.1232287935133 3.38395977905748e-014
vertex -14.524091302671 19.8215279585753 3.38395977905748e-014
vertex -14.524091302671 22.1232287935133 3.38395977905748e-014
endloop
endfacet
facet normal -2.66990362324876e-016 -5.75695187154654e-016 -1.0
outer loop
vertex -11.474091302671 6.04790854015482 5.6399329650958e-014
vertex -11.5342489939272 4.03528196086347 3.38395977905748e-014
vertex -19.3532867099381 4.04790854015476 3.38395977905748e-014
endloop
endfacet
facet normal -2.66990362324876e-016 -5.75695187154654e-016 -1.0
outer loop
vertex -37.2626309781236 17.6922679479365 7.89590615113411e-014
vertex -36.736147863115 14.8274747536124 3.38395977905748e-014
vertex -36.9078489667287 12.4910617180608 3.38395977905748e-014
endloop
endfacet
facet normal -2.66990362324876e-016 -5.75695187154654e-016 -1.0
outer loop
vertex -36.736147863115 14.8274747536124 3.38395977905748e-014
vertex -37.2626309781236 17.6922679479365 7.89590615113411e-014
vertex -35.7326697408262 19.9432785203136 7.89590615113411e-014
endloop
endfacet
facet normal -2.66990362324876e-016 -5.75695187154654e-016 -1.0
outer loop
vertex -36.736147863115 14.8274747536124 3.38395977905748e-014
vertex -35.7326697408262 19.9432785203136 7.89590615113411e-014
vertex -35.9655891419056 17.0398369298498 7.89590615113411e-014
endloop
endfacet
facet normal -2.66990362324876e-016 -5.75695187154654e-016 -1.0
outer loop
vertex -35.9655891419056 17.0398369298498 7.89590615113411e-014
vertex -35.7326697408262 19.9432785203136 7.89590615113411e-014
vertex -34.6486851065423 18.9773794205636 3.38395977905748e-014
endloop
endfacet
facet normal -2.66990362324876e-016 -5.75695187154654e-016 -1.0
outer loop
vertex -34.6486851065423 18.9773794205636 3.38395977905748e-014
vertex -35.7326697408262 19.9432785203136 7.89590615113411e-014
vertex -33.6722362616413 21.7216046609413 7.89590615113411e-014
endloop
endfacet
facet normal -2.66990362324876e-016 -5.75695187154654e-016 -1.0
outer loop
vertex -34.6486851065423 18.9773794205636 3.38395977905748e-014
vertex -33.6722362616413 21.7216046609413 7.89590615113411e-014
vertex -32.8751805907485 20.5080619069524 5.6399329650958e-014
endloop
endfacet
facet normal -2.66990362324876e-016 -5.75695187154654e-016 -1.0
outer loop
vertex -32.8751805907485 20.5080619069524 5.6399329650958e-014
vertex -33.6722362616413 21.7216046609413 7.89590615113411e-014
vertex -31.2217456771478 22.9060563821587 5.6399329650958e-014
endloop
endfacet
facet normal -2.66990362324876e-016 -5.75695187154654e-016 -1.0
outer loop
vertex -32.8751805907485 20.5080619069524 5.6399329650958e-014
vertex -31.2217456771478 22.9060563821587 5.6399329650958e-014
vertex -30.7659369964208 21.5275709071408 5.6399329650958e-014
endloop
endfacet
facet normal -2.66990362324876e-016 -5.75695187154654e-016 -1.0
outer loop
vertex -30.7659369964208 21.5275709071408 5.6399329650958e-014
vertex -31.2217456771478 22.9060563821587 5.6399329650958e-014
vertex -28.5481948710518 23.4159152565638 5.6399329650958e-014
endloop
endfacet
facet normal -2.66990362324876e-016 -5.75695187154654e-016 -1.0
outer loop
vertex -30.7659369964208 21.5275709071408 5.6399329650958e-014
vertex -28.5481948710518 23.4159152565638 5.6399329650958e-014
vertex -28.4646957888228 21.9664285675844 5.6399329650958e-014
endloop
endfacet
facet normal -2.66990362324876e-016 -5.75695187154654e-016 -1.0
outer loop
vertex -28.4646957888228 21.9664285675844 5.6399329650958e-014
vertex -28.5481948710518 23.4159152565638 5.6399329650958e-014
vertex -25.8337819125372 23.2164352444474 3.38395977905748e-014
endloop
endfacet
facet normal -2.66990362324876e-016 -5.75695187154654e-016 -1.0
outer loop
vertex -28.4646957888228 21.9664285675844 5.6399329650958e-014
vertex -25.8337819125372 23.2164352444474 3.38395977905748e-014
vertex -26.1282827532713 21.7947274639706 5.6399329650958e-014
endloop
endfacet
facet normal -2.66990362324876e-016 -5.75695187154654e-016 -1.0
outer loop
vertex -26.1282827532713 21.7947274639706 5.6399329650958e-014
vertex -25.8337819125372 23.2164352444474 3.38395977905748e-014
vertex -23.9159205770338 21.0241687427611 3.38395977905748e-014
endloop
endfacet
facet normal -2.66990362324876e-016 -5.75695187154654e-016 -1.0
outer loop
vertex -23.9159205770338 21.0241687427611 3.38395977905748e-014
vertex -25.8337819125372 23.2164352444474 3.38395977905748e-014
vertex -23.2634895589471 22.3212105789791 5.6399329650958e-014
endloop
endfacet
facet normal -2.66990362324876e-016 -5.75695187154654e-016 -1.0
outer loop
vertex -23.9159205770338 21.0241687427611 3.38395977905748e-014
vertex -23.2634895589471 22.3212105789791 5.6399329650958e-014
vertex -21.9783780863198 19.7072647073981 3.38395977905748e-014
endloop
endfacet
facet normal -2.66990362324876e-016 -5.75695187154654e-016 -1.0
outer loop
vertex -21.9783780863198 19.7072647073981 3.38395977905748e-014
vertex -23.2634895589471 22.3212105789791 5.6399329650958e-014
vertex -21.0124789865699 20.7912493416818 5.6399329650958e-014
endloop
endfacet
facet normal -2.66990362324876e-016 -5.75695187154654e-016 -1.0
outer loop
vertex -21.9783780863198 19.7072647073981 3.38395977905748e-014
vertex -21.0124789865699 20.7912493416818 5.6399329650958e-014
vertex -20.4476955999313 17.9337601916043 5.6399329650958e-014
endloop
endfacet
facet normal -2.66990362324876e-016 -5.75695187154654e-016 -1.0
outer loop
vertex -20.4476955999313 17.9337601916043 5.6399329650958e-014
vertex -21.0124789865699 20.7912493416818 5.6399329650958e-014
vertex -19.78860884748 19.3732287935133 5.6399329650958e-014
endloop
endfacet
facet normal -2.66990362324876e-016 -5.75695187154654e-016 -1.0
outer loop
vertex -20.4476955999313 17.9337601916043 5.6399329650958e-014
vertex -19.78860884748 19.3732287935133 5.6399329650958e-014
vertex -19.353286709938 17.9337601916042 3.38395977905748e-014
endloop
endfacet
facet normal -2.66990362324876e-016 -5.75695187154654e-016 -1.0
outer loop
vertex -19.353286709938 17.9337601916042 3.38395977905748e-014
vertex -19.78860884748 19.3732287935133 5.6399329650958e-014
vertex -19.3532867099381 19.3732287935133 3.38395977905748e-014
endloop
endfacet
facet normal -2.66990362324876e-016 -5.75695187154654e-016 -1.0
outer loop
vertex -19.353286709938 17.9337601916042 3.38395977905748e-014
vertex -19.3532867099381 19.3732287935133 3.38395977905748e-014
vertex -14.524091302671 19.8215279585753 3.38395977905748e-014
endloop
endfacet
facet normal -2.66990362324876e-016 -5.75695187154654e-016 -1.0
outer loop
vertex -19.353286709938 17.9337601916042 3.38395977905748e-014
vertex -14.524091302671 19.8215279585753 3.38395977905748e-014
vertex -11.4740913026709 16.6837601916042 5.6399329650958e-014
endloop
endfacet
facet normal -2.66990362324876e-016 -5.75695187154654e-016 -1.0
outer loop
vertex -11.4740913026709 16.6837601916042 5.6399329650958e-014
vertex -14.524091302671 19.8215279585753 3.38395977905748e-014
vertex -13.0240913026709 20.1232287935133 3.38395977905748e-014
endloop
endfacet
facet normal -2.66990362324876e-016 -5.75695187154654e-016 -1.0
outer loop
vertex -13.0240913026709 20.1232287935133 3.38395977905748e-014
vertex -14.524091302671 19.8215279585753 3.38395977905748e-014
vertex -13.0240913026709 22.1232287935133 3.38395977905748e-014
endloop
endfacet
facet normal -2.66990362324876e-016 -5.75695187154654e-016 -1.0
outer loop
vertex -11.4740913026709 16.6837601916042 5.6399329650958e-014
vertex -13.0240913026709 20.1232287935133 3.38395977905748e-014
vertex -11.4740913026709 18.6837601916042 5.6399329650958e-014
endloop
endfacet
facet normal -2.66990362324876e-016 -5.75695187154654e-016 -1.0
outer loop
vertex -11.4740913026709 18.6837601916042 5.6399329650958e-014
vertex -13.0240913026709 20.1232287935133 3.38395977905748e-014
vertex 1.92590869732906 20.1232287935133 3.38395977905748e-014
endloop
endfacet
facet normal -2.66990362324876e-016 -5.75695187154654e-016 -1.0
outer loop
vertex -11.4740913026709 18.6837601916042 5.6399329650958e-014
vertex 1.92590869732906 20.1232287935133 3.38395977905748e-014
vertex 0.425908697329083 18.6837601916042 5.6399329650958e-014
endloop
endfacet
facet normal -2.66990362324876e-016 -5.75695187154654e-016 -1.0
outer loop
vertex 8.3051041045961 4.04790854015487 3.38395977905748e-014
vertex 0.425908697329174 4.04790854015487 5.6399329650958e-014
vertex 0.425908697329129 6.04790854015491 5.6399329650958e-014
endloop
endfacet
facet normal -2.66990362324876e-016 -5.75695187154654e-016 -1.0
outer loop
vertex 3.42590869732903 22.1232287935133 5.6399329650958e-014
vertex 1.92590869732906 20.1232287935133 3.38395977905748e-014
vertex 1.92590869732904 22.1232287935133 3.38395977905748e-014
endloop
endfacet
facet normal -2.66990362324876e-016 -5.75695187154654e-016 -1.0
outer loop
vertex 0.425908697329083 18.6837601916042 5.6399329650958e-014
vertex 8.30510410459608 17.9337601916043 3.38395977905748e-014
vertex 0.425908697329061 16.6837601916043 5.6399329650958e-014
endloop
endfacet
facet normal -2.66990362324876e-016 -5.75695187154654e-016 -1.0
outer loop
vertex 8.30510410459608 17.9337601916043 3.38395977905748e-014
vertex 0.425908697329083 18.6837601916042 5.6399329650958e-014
vertex 1.92590869732906 20.1232287935133 3.38395977905748e-014
endloop
endfacet
facet normal -2.66990362324876e-016 -5.75695187154654e-016 -1.0
outer loop
vertex 8.30510410459608 17.9337601916043 3.38395977905748e-014
vertex 1.92590869732906 20.1232287935133 3.38395977905748e-014
vertex 3.42590869732908 19.7983202020416 3.38395977905748e-014
endloop
endfacet
facet normal -2.66990362324876e-016 -5.75695187154654e-016 -1.0
outer loop
vertex 3.42590869732908 19.7983202020416 3.38395977905748e-014
vertex 1.92590869732906 20.1232287935133 3.38395977905748e-014
vertex 3.42590869732903 22.1232287935133 5.6399329650958e-014
endloop
endfacet
facet normal -2.66990362324876e-016 -5.75695187154654e-016 -1.0
outer loop
vertex 8.30510410459608 17.9337601916043 3.38395977905748e-014
vertex 3.42590869732908 19.7983202020416 3.38395977905748e-014
vertex 8.30510410459604 19.3732287935134 1.12798659301916e-014
endloop
endfacet
facet normal -2.66990362324876e-016 -5.75695187154654e-016 -1.0
outer loop
vertex 8.30510410459608 17.9337601916043 3.38395977905748e-014
vertex 8.30510410459604 19.3732287935134 1.12798659301916e-014
vertex 8.74042624213805 19.3732287935134 5.6399329650958e-014
endloop
endfacet
facet normal -2.66990362324876e-016 -5.75695187154654e-016 -1.0
outer loop
vertex 8.30510410459608 17.9337601916043 3.38395977905748e-014
vertex 8.74042624213805 19.3732287935134 5.6399329650958e-014
vertex 9.39951299458921 17.9337601916043 5.6399329650958e-014
endloop
endfacet
facet normal -2.66990362324876e-016 -5.75695187154654e-016 -1.0
outer loop
vertex 9.39951299458921 17.9337601916043 5.6399329650958e-014
vertex 8.74042624213805 19.3732287935134 5.6399329650958e-014
vertex 9.96429638122793 20.791249341682 5.6399329650958e-014
endloop
endfacet
facet normal -2.66990362324876e-016 -5.75695187154654e-016 -1.0
outer loop
vertex 9.39951299458921 17.9337601916043 5.6399329650958e-014
vertex 9.96429638122793 20.791249341682 5.6399329650958e-014
vertex 10.9301954809777 19.7072647073982 1.12798659301916e-014
endloop
endfacet
facet normal -2.66990362324876e-016 -5.75695187154654e-016 -1.0
outer loop
vertex 10.9301954809777 19.7072647073982 1.12798659301916e-014
vertex 9.96429638122793 20.791249341682 5.6399329650958e-014
vertex 12.2153069536051 22.3212105789793 5.6399329650958e-014
endloop
endfacet
facet normal -2.66990362324876e-016 -5.75695187154654e-016 -1.0
outer loop
vertex 10.9301954809777 19.7072647073982 1.12798659301916e-014
vertex 12.2153069536051 22.3212105789793 5.6399329650958e-014
vertex 12.8677379716917 21.0241687427612 3.38395977905748e-014
endloop
endfacet
facet normal -2.66990362324876e-016 -5.75695187154654e-016 -1.0
outer loop
vertex 12.8677379716917 21.0241687427612 3.38395977905748e-014
vertex 12.2153069536051 22.3212105789793 5.6399329650958e-014
vertex 14.7855993071951 23.2164352444475 1.12798659301916e-014
endloop
endfacet
facet normal -2.66990362324876e-016 -5.75695187154654e-016 -1.0
outer loop
vertex 12.8677379716917 21.0241687427612 3.38395977905748e-014
vertex 14.7855993071951 23.2164352444475 1.12798659301916e-014
vertex 15.0801001479291 21.7947274639707 5.6399329650958e-014
endloop
endfacet
facet normal -2.66990362324876e-016 -5.75695187154654e-016 -1.0
outer loop
vertex 15.0801001479291 21.7947274639707 5.6399329650958e-014
vertex 14.7855993071951 23.2164352444475 1.12798659301916e-014
vertex 17.5000122657096 23.415915256564 5.6399329650958e-014
endloop
endfacet
facet normal -2.66990362324876e-016 -5.75695187154654e-016 -1.0
outer loop
vertex 15.0801001479291 21.7947274639707 5.6399329650958e-014
vertex 17.5000122657096 23.415915256564 5.6399329650958e-014
vertex 17.4165131834807 21.9664285675845 5.6399329650958e-014
endloop
endfacet
facet normal -2.66990362324876e-016 -5.75695187154654e-016 -1.0
outer loop
vertex 17.4165131834807 21.9664285675845 5.6399329650958e-014
vertex 17.5000122657096 23.415915256564 5.6399329650958e-014
vertex 19.7177543910788 21.5275709071409 5.6399329650958e-014
endloop
endfacet
facet normal -2.66990362324876e-016 -5.75695187154654e-016 -1.0
outer loop
vertex 19.7177543910788 21.5275709071409 5.6399329650958e-014
vertex 17.5000122657096 23.415915256564 5.6399329650958e-014
vertex 20.1735630718057 22.9060563821588 5.6399329650958e-014
endloop
endfacet
facet normal -2.66990362324876e-016 -5.75695187154654e-016 -1.0
outer loop
vertex 19.7177543910788 21.5275709071409 5.6399329650958e-014
vertex 20.1735630718057 22.9060563821588 5.6399329650958e-014
vertex 21.8269979854067 20.5080619069524 5.6399329650958e-014
endloop
endfacet
facet normal -2.66990362324876e-016 -5.75695187154654e-016 -1.0
outer loop
vertex 21.8269979854067 20.5080619069524 5.6399329650958e-014
vertex 20.1735630718057 22.9060563821588 5.6399329650958e-014
vertex 22.6240536562993 21.7216046609415 5.6399329650958e-014
endloop
endfacet
facet normal -2.66990362324876e-016 -5.75695187154654e-016 -1.0
outer loop
vertex 21.8269979854067 20.5080619069524 5.6399329650958e-014
vertex 22.6240536562993 21.7216046609415 5.6399329650958e-014
vertex 23.6005025012005 18.9773794205639 1.12798659301916e-014
endloop
endfacet
facet normal -2.66990362324876e-016 -5.75695187154654e-016 -1.0
outer loop
vertex 23.6005025012005 18.9773794205639 1.12798659301916e-014
vertex 22.6240536562993 21.7216046609415 5.6399329650958e-014
vertex 24.6844871354842 19.9432785203139 5.6399329650958e-014
endloop
endfacet
facet normal -2.66990362324876e-016 -5.75695187154654e-016 -1.0
outer loop
vertex 23.6005025012005 18.9773794205639 1.12798659301916e-014
vertex 24.6844871354842 19.9432785203139 5.6399329650958e-014
vertex 24.9174065365635 17.0398369298499 5.6399329650958e-014
endloop
endfacet
facet normal -2.66990362324876e-016 -5.75695187154654e-016 -1.0
outer loop
vertex 24.9174065365635 17.0398369298499 5.6399329650958e-014
vertex 24.6844871354842 19.9432785203139 5.6399329650958e-014
vertex 26.2144483727816 17.6922679479366 5.6399329650958e-014
endloop
endfacet
facet normal -2.66990362324876e-016 -5.75695187154654e-016 -1.0
outer loop
vertex 24.9174065365635 17.0398369298499 5.6399329650958e-014
vertex 26.2144483727816 17.6922679479366 5.6399329650958e-014
vertex 25.6879652577729 14.8274747536125 3.38395977905748e-014
endloop
endfacet
facet normal -2.66990362324876e-016 -5.75695187154654e-016 -1.0
outer loop
vertex 25.6879652577729 14.8274747536125 3.38395977905748e-014
vertex 26.2144483727816 17.6922679479366 5.6399329650958e-014
vertex 25.8596663613867 12.4910617180609 1.12798659301916e-014
endloop
endfacet
facet normal -2.66990362324876e-016 -5.75695187154654e-016 -1.0
outer loop
vertex -38.1578556435917 15.1219755943465 7.89590615113411e-014
vertex -37.847476781303 9.73401182973579 3.38395977905748e-014
vertex -38.3573356557081 12.4075626358317 7.89590615113411e-014
endloop
endfacet
facet normal -2.66990362324876e-016 -5.75695187154654e-016 -1.0
outer loop
vertex -37.847476781303 9.73401182973579 3.38395977905748e-014
vertex -38.1578556435917 15.1219755943465 7.89590615113411e-014
vertex -37.2626309781236 17.6922679479365 7.89590615113411e-014
endloop
endfacet
facet normal -2.66990362324876e-016 -5.75695187154654e-016 -1.0
outer loop
vertex -37.847476781303 9.73401182973579 3.38395977905748e-014
vertex -37.2626309781236 17.6922679479365 7.89590615113411e-014
vertex -36.6630250600857 7.2835212452423 7.89590615113411e-014
endloop
endfacet
facet normal -2.66990362324876e-016 -5.75695187154654e-016 -1.0
outer loop
vertex -36.6630250600857 7.2835212452423 7.89590615113411e-014
vertex -37.2626309781236 17.6922679479365 7.89590615113411e-014
vertex -36.9078489667287 12.4910617180608 3.38395977905748e-014
endloop
endfacet
facet normal -2.66990362324876e-016 -5.75695187154654e-016 -1.0
outer loop
vertex -36.6630250600857 7.2835212452423 7.89590615113411e-014
vertex -36.9078489667287 12.4910617180608 3.38395977905748e-014
vertex -36.4689913062851 10.1898205104627 3.38395977905748e-014
endloop
endfacet
facet normal -2.66990362324876e-016 -5.75695187154654e-016 -1.0
outer loop
vertex -36.6630250600857 7.2835212452423 7.89590615113411e-014
vertex -36.4689913062851 10.1898205104627 3.38395977905748e-014
vertex -34.884698919458 5.22308776605735 7.89590615113411e-014
endloop
endfacet
facet normal -2.66990362324876e-016 -5.75695187154654e-016 -1.0
outer loop
vertex -34.884698919458 5.22308776605735 7.89590615113411e-014
vertex -36.4689913062851 10.1898205104627 3.38395977905748e-014
vertex -35.4494823060966 8.08057691613497 7.89590615113411e-014
endloop
endfacet
facet normal -2.66990362324876e-016 -5.75695187154654e-016 -1.0
outer loop
vertex -34.884698919458 5.22308776605735 7.89590615113411e-014
vertex -35.4494823060966 8.08057691613497 7.89590615113411e-014
vertex -33.918799819708 6.30707240034126 3.38395977905748e-014
endloop
endfacet
facet normal -2.66990362324876e-016 -5.75695187154654e-016 -1.0
outer loop
vertex -34.884698919458 5.22308776605735 7.89590615113411e-014
vertex -33.918799819708 6.30707240034126 3.38395977905748e-014
vertex -32.6336883470808 3.69312652875998 7.89590615113411e-014
endloop
endfacet
facet normal -2.66990362324876e-016 -5.75695187154654e-016 -1.0
outer loop
vertex -32.6336883470808 3.69312652875998 7.89590615113411e-014
vertex -33.918799819708 6.30707240034126 3.38395977905748e-014
vertex -31.9812573289941 4.99016836497796 3.38395977905748e-014
endloop
endfacet
facet normal -2.66990362324876e-016 -5.75695187154654e-016 -1.0
outer loop
vertex -32.6336883470808 3.69312652875998 7.89590615113411e-014
vertex -31.9812573289941 4.99016836497796 3.38395977905748e-014
vertex -30.0633959934907 2.79790186329184 3.38395977905748e-014
endloop
endfacet
facet normal -2.66990362324876e-016 -5.75695187154654e-016 -1.0
outer loop
vertex -30.0633959934907 2.79790186329184 3.38395977905748e-014
vertex -31.9812573289941 4.99016836497796 3.38395977905748e-014
vertex -29.7688951527567 4.21960964376851 7.89590615113411e-014
endloop
endfacet
facet normal -2.66990362324876e-016 -5.75695187154654e-016 -1.0
outer loop
vertex -30.0633959934907 2.79790186329184 3.38395977905748e-014
vertex -29.7688951527567 4.21960964376851 7.89590615113411e-014
vertex -27.2011975943583 2.58756121871612 7.89590615113411e-014
endloop
endfacet
facet normal -2.66990362324876e-016 -5.75695187154654e-016 -1.0
outer loop
vertex -27.2011975943583 2.58756121871612 7.89590615113411e-014
vertex -29.7688951527567 4.21960964376851 7.89590615113411e-014
vertex -27.4324821172051 4.04790854015478 7.89590615113411e-014
endloop
endfacet
facet normal -2.66990362324876e-016 -5.75695187154654e-016 -1.0
outer loop
vertex -27.2011975943583 2.58756121871612 7.89590615113411e-014
vertex -27.4324821172051 4.04790854015478 7.89590615113411e-014
vertex -19.3532867099381 4.04790854015476 3.38395977905748e-014
endloop
endfacet
facet normal -2.66990362324876e-016 -5.75695187154654e-016 -1.0
outer loop
vertex -27.2011975943583 2.58756121871612 7.89590615113411e-014
vertex -19.3532867099381 4.04790854015476 3.38395977905748e-014
vertex 16.1530149890161 2.58756121871626 5.6399329650958e-014
endloop
endfacet
facet normal -2.66990362324876e-016 -5.75695187154654e-016 -1.0
outer loop
vertex 16.1530149890161 2.58756121871626 5.6399329650958e-014
vertex -19.3532867099381 4.04790854015476 3.38395977905748e-014
vertex -11.5342489939272 4.03528196086347 3.38395977905748e-014
endloop
endfacet
facet normal -2.66990362324876e-016 -5.75695187154654e-016 -1.0
outer loop
vertex 16.1530149890161 2.58756121871626 5.6399329650958e-014
vertex -11.5342489939272 4.03528196086347 3.38395977905748e-014
vertex 0.425908697329174 4.04790854015487 5.6399329650958e-014
endloop
endfacet
facet normal -2.66990362324876e-016 -5.75695187154654e-016 -1.0
outer loop
vertex 16.1530149890161 2.58756121871626 5.6399329650958e-014
vertex 0.425908697329174 4.04790854015487 5.6399329650958e-014
vertex 8.3051041045961 4.04790854015487 3.38395977905748e-014
endloop
endfacet
facet normal -2.66990362324876e-016 -5.75695187154654e-016 -1.0
outer loop
vertex 16.1530149890161 2.58756121871626 5.6399329650958e-014
vertex 8.3051041045961 4.04790854015487 3.38395977905748e-014
vertex 16.3842995118631 4.0479085401549 5.6399329650958e-014
endloop
endfacet
facet normal -2.66990362324876e-016 -5.75695187154654e-016 -1.0
outer loop
vertex 16.1530149890161 2.58756121871626 5.6399329650958e-014
vertex 16.3842995118631 4.0479085401549 5.6399329650958e-014
vertex 19.0152133881488 2.79790186329189 3.38395977905748e-014
endloop
endfacet
facet normal -2.66990362324876e-016 -5.75695187154654e-016 -1.0
outer loop
vertex 19.0152133881488 2.79790186329189 3.38395977905748e-014
vertex 16.3842995118631 4.0479085401549 5.6399329650958e-014
vertex 18.7207125474148 4.21960964376872 5.6399329650958e-014
endloop
endfacet
facet normal -2.66990362324876e-016 -5.75695187154654e-016 -1.0
outer loop
vertex 19.0152133881488 2.79790186329189 3.38395977905748e-014
vertex 18.7207125474148 4.21960964376872 5.6399329650958e-014
vertex 20.9330747236521 4.99016836497818 1.12798659301916e-014
endloop
endfacet
facet normal -2.66990362324876e-016 -5.75695187154654e-016 -1.0
outer loop
vertex 19.0152133881488 2.79790186329189 3.38395977905748e-014
vertex 20.9330747236521 4.99016836497818 1.12798659301916e-014
vertex 21.5855057417389 3.69312652876014 5.6399329650958e-014
endloop
endfacet
facet normal -2.66990362324876e-016 -5.75695187154654e-016 -1.0
outer loop
vertex 21.5855057417389 3.69312652876014 5.6399329650958e-014
vertex 20.9330747236521 4.99016836497818 1.12798659301916e-014
vertex 22.870617214366 6.30707240034135 3.38395977905748e-014
endloop
endfacet
facet normal -2.66990362324876e-016 -5.75695187154654e-016 -1.0
outer loop
vertex 21.5855057417389 3.69312652876014 5.6399329650958e-014
vertex 22.870617214366 6.30707240034135 3.38395977905748e-014
vertex 23.8365163141162 5.22308776605744 5.6399329650958e-014
endloop
endfacet
facet normal -2.66990362324876e-016 -5.75695187154654e-016 -1.0
outer loop
vertex 23.8365163141162 5.22308776605744 5.6399329650958e-014
vertex 22.870617214366 6.30707240034135 3.38395977905748e-014
vertex 24.4012997007548 8.08057691613517 5.6399329650958e-014
endloop
endfacet
facet normal -2.66990362324876e-016 -5.75695187154654e-016 -1.0
outer loop
vertex 23.8365163141162 5.22308776605744 5.6399329650958e-014
vertex 24.4012997007548 8.08057691613517 5.6399329650958e-014
vertex 25.6148424547439 7.28352124524244 5.6399329650958e-014
endloop
endfacet
facet normal -2.66990362324876e-016 -5.75695187154654e-016 -1.0
outer loop
vertex 25.6148424547439 7.28352124524244 5.6399329650958e-014
vertex 24.4012997007548 8.08057691613517 5.6399329650958e-014
vertex 25.4208087009432 10.1898205104628 1.12798659301916e-014
endloop
endfacet
facet normal -2.66990362324876e-016 -5.75695187154654e-016 -1.0
outer loop
vertex 25.6148424547439 7.28352124524244 5.6399329650958e-014
vertex 25.4208087009432 10.1898205104628 1.12798659301916e-014
vertex 25.8596663613867 12.4910617180609 1.12798659301916e-014
endloop
endfacet
facet normal -2.66990362324876e-016 -5.75695187154654e-016 -1.0
outer loop
vertex 25.6148424547439 7.28352124524244 5.6399329650958e-014
vertex 25.8596663613867 12.4910617180609 1.12798659301916e-014
vertex 26.799294175961 9.73401182973606 1.12798659301916e-014
endloop
endfacet
facet normal -2.66990362324876e-016 -5.75695187154654e-016 -1.0
outer loop
vertex 26.799294175961 9.73401182973606 1.12798659301916e-014
vertex 25.8596663613867 12.4910617180609 1.12798659301916e-014
vertex 26.2144483727816 17.6922679479366 5.6399329650958e-014
endloop
endfacet
facet normal -2.66990362324876e-016 -5.75695187154654e-016 -1.0
outer loop
vertex 26.799294175961 9.73401182973606 1.12798659301916e-014
vertex 26.2144483727816 17.6922679479366 5.6399329650958e-014
vertex 27.1096730382498 15.1219755943466 5.6399329650958e-014
endloop
endfacet
facet normal -2.66990362324876e-016 -5.75695187154654e-016 -1.0
outer loop
vertex 26.799294175961 9.73401182973606 1.12798659301916e-014
vertex 27.1096730382498 15.1219755943466 5.6399329650958e-014
vertex 27.3091530503662 12.4075626358319 5.6399329650958e-014
endloop
endfacet
facet normal -0.202839676272746 -0.979211961594408 5.32039499637272e-019
outer loop
vertex -30.0633959934907 2.79790186329184 11.5000000000001
vertex -32.6336883470808 3.69312652875998 7.89590615113411e-014
vertex -30.0633959934907 2.79790186329184 3.38395977905748e-014
endloop
endfacet
facet normal -0.449366786760782 -0.893347351793405 3.24380479893005e-028
outer loop
vertex -32.6336883470808 3.69312652875998 7.89590615113411e-014
vertex -30.0633959934907 2.79790186329184 11.5000000000001
vertex -32.6336883470808 3.69312652875998 11.5000000000001
endloop
endfacet
facet normal 0.548978107676229 0.835836728848539 -1.8944817157862e-028
outer loop
vertex 22.6240536562993 21.7216046609415 11.5000000000001
vertex 24.6844871354842 19.9432785203139 5.6399329650958e-014
vertex 22.6240536562993 21.7216046609415 5.6399329650958e-014
endloop
endfacet
facet normal 0.746602596293965 0.665270293344826 6.34204286100184e-019
outer loop
vertex 24.6844871354842 19.9432785203139 5.6399329650958e-014
vertex 22.6240536562993 21.7216046609415 11.5000000000001
vertex 24.6844871354842 19.9432785203139 11.5000000000001
endloop
endfacet
facet normal -0.998344894437035 -0.0575106229448564 6.27007781860294e-019
outer loop
vertex -38.3573356557081 12.4075626358317 11.5000000000001
vertex -37.847476781303 9.73401182973579 3.38395977905748e-014
vertex -37.847476781303 9.73401182973579 11.5000000000001
endloop
endfacet
facet normal -0.94944227256672 -0.313941668249602 2.72071778811733e-018
outer loop
vertex -37.847476781303 9.73401182973579 3.38395977905748e-014
vertex -38.3573356557081 12.4075626358317 11.5000000000001
vertex -38.3573356557081 12.4075626358317 7.89590615113411e-014
endloop
endfacet
facet normal 0.998344894437034 -0.0575106229448833 2.95353472583332e-019
outer loop
vertex 27.3091530503662 12.4075626358319 5.6399329650958e-014
vertex 26.799294175961 9.73401182973606 11.5
vertex 26.799294175961 9.73401182973606 1.12798659301916e-014
endloop
endfacet
facet normal 0.949442272566726 -0.313941668249582 -1.4807589813634e-018
outer loop
vertex 26.799294175961 9.73401182973606 11.5
vertex 27.3091530503662 12.4075626358319 5.6399329650958e-014
vertex 27.3091530503662 12.4075626358319 11.5000000000001
endloop
endfacet
facet normal -0.893347351793403 0.449366786760786 3.1869564254369e-019
outer loop
vertex -37.2626309781236 17.6922679479365 11.5000000000001
vertex -38.1578556435917 15.1219755943465 7.89590615113411e-014
vertex -38.1578556435917 15.1219755943465 11.5000000000001
endloop
endfacet
facet normal -0.979211961594407 0.202839676272747 8.45055556480914e-021
outer loop
vertex -38.1578556435917 15.1219755943465 7.89590615113411e-014
vertex -37.2626309781236 17.6922679479365 11.5000000000001
vertex -37.2626309781236 17.6922679479365 7.89590615113411e-014
endloop
endfacet
facet normal 0.449366786760786 0.893347351793403 6.3420428645623e-019
outer loop
vertex -23.2634895589471 22.3212105789791 11.5000000000001
vertex -21.0124789865699 20.7912493416818 5.6399329650958e-014
vertex -23.2634895589471 22.3212105789791 5.6399329650958e-014
endloop
endfacet
facet normal 0.665270293344811 0.746602596293978 1.91847873923942e-019
outer loop
vertex -21.0124789865699 20.7912493416818 5.6399329650958e-014
vertex -23.2634895589471 22.3212105789791 11.5000000000001
vertex -21.0124789865699 20.7912493416818 11.5000000000001
endloop
endfacet
facet normal -0.449366786760783 -0.893347351793405 3.24380479893006e-028
outer loop
vertex -32.6336883470808 3.69312652875998 11.5000000000001
vertex -34.884698919458 5.22308776605735 7.89590615113411e-014
vertex -32.6336883470808 3.69312652875998 7.89590615113411e-014
endloop
endfacet
facet normal -0.66527029334483 -0.746602596293961 -2.34613528494671e-018
outer loop
vertex -34.884698919458 5.22308776605735 7.89590615113411e-014
vertex -32.6336883470808 3.69312652875998 11.5000000000001
vertex -34.884698919458 5.22308776605735 11.5000000000001
endloop
endfacet
facet normal 0.979211961594404 0.202839676272765 -5.64640191963197e-019
outer loop
vertex 27.1096730382498 15.1219755943466 5.6399329650958e-014
vertex 27.3091530503662 12.4075626358319 11.5000000000001
vertex 27.3091530503662 12.4075626358319 5.6399329650958e-014
endloop
endfacet
facet normal 0.998344894437034 -0.0575106229448819 2.9535347258333e-019
outer loop
vertex 27.3091530503662 12.4075626358319 11.5000000000001
vertex 27.1096730382498 15.1219755943466 5.6399329650958e-014
vertex 27.1096730382498 15.1219755943466 11.5000000000001
endloop
endfacet
facet normal -0.979211961594407 0.202839676272747 8.4505555648082e-021
outer loop
vertex -38.1578556435917 15.1219755943465 11.5000000000001
vertex -38.3573356557081 12.4075626358317 7.89590615113411e-014
vertex -38.3573356557081 12.4075626358317 11.5000000000001
endloop
endfacet
facet normal -0.998344894437035 -0.0575106229448578 6.27007781860304e-019
outer loop
vertex -38.3573356557081 12.4075626358317 7.89590615113411e-014
vertex -38.1578556435917 15.1219755943465 11.5000000000001
vertex -38.1578556435917 15.1219755943465 7.89590615113411e-014
endloop
endfacet
facet normal 0.449366786760781 -0.893347351793405 -3.15508644347146e-019
outer loop
vertex 21.5855057417389 3.69312652876014 5.6399329650958e-014
vertex 19.0152133881488 2.79790186329189 11.5000000000001
vertex 19.0152133881488 2.79790186329189 3.38395977905748e-014
endloop
endfacet
facet normal 0.202839676272749 -0.979211961594407 3.21243774075504e-019
outer loop
vertex 19.0152133881488 2.79790186329189 11.5000000000001
vertex 21.5855057417389 3.69312652876014 5.6399329650958e-014
vertex 21.5855057417389 3.69312652876014 11.5000000000001
endloop
endfacet
facet normal 0.83583672884856 -0.548978107676198 -1.28698257269905e-018
outer loop
vertex 25.6148424547439 7.28352124524244 5.6399329650958e-014
vertex 23.8365163141162 5.22308776605744 11.5000000000001
vertex 23.8365163141162 5.22308776605744 5.6399329650958e-014
endloop
endfacet
facet normal 0.665270293344812 -0.746602596293978 -5.40755991080408e-020
outer loop
vertex 23.8365163141162 5.22308776605744 11.5000000000001
vertex 25.6148424547439 7.28352124524244 5.6399329650958e-014
vertex 25.6148424547439 7.28352124524244 11.5000000000001
endloop
endfacet
facet normal -0.0366704370469606 -0.999327413336983 4.91286874313835e-016
outer loop
vertex -27.2011975943583 2.58756121871612 7.89590615113411e-014
vertex -30.0633959934907 2.79790186329184 11.5000000000001
vertex -30.0633959934907 2.79790186329184 3.38395977905748e-014
endloop
endfacet
facet normal -0.202839676272746 -0.979211961594408 5.32039499637272e-019
outer loop
vertex -30.0633959934907 2.79790186329184 11.5000000000001
vertex -27.2011975943583 2.58756121871612 7.89590615113411e-014
vertex -27.2011975943583 2.58756121871612 11.5000000000001
endloop
endfacet
facet normal 0.665270293344811 0.746602596293978 1.91847873923942e-019
outer loop
vertex -21.0124789865699 20.7912493416818 5.6399329650958e-014
vertex -19.78860884748 19.3732287935133 11.5000000000001
vertex -19.78860884748 19.3732287935133 5.6399329650958e-014
endloop
endfacet
facet normal 0.757030007757206 0.653380109396609 -8.77143984420966e-019
outer loop
vertex -19.78860884748 19.3732287935133 11.5000000000001
vertex -21.0124789865699 20.7912493416818 5.6399329650958e-014
vertex -21.0124789865699 20.7912493416818 11.5000000000001
endloop
endfacet
facet normal -0.665270293344818 0.746602596293973 1.5436623788821e-018
outer loop
vertex 9.96429638122793 20.791249341682 11.5000000000001
vertex 8.74042624213805 19.3732287935134 5.6399329650958e-014
vertex 8.74042624213805 19.3732287935134 11.5000000000001
endloop
endfacet
facet normal -0.757030007757222 0.65338010939659 -4.38571991916368e-019
outer loop
vertex 8.74042624213805 19.3732287935134 5.6399329650958e-014
vertex 9.96429638122793 20.791249341682 11.5000000000001
vertex 9.96429638122793 20.791249341682 5.6399329650958e-014
endloop
endfacet
facet normal -0.746602596293963 0.665270293344828 1.02248509997724e-018
outer loop
vertex -35.7326697408262 19.9432785203136 11.5000000000001
vertex -37.2626309781236 17.6922679479365 7.89590615113411e-014
vertex -37.2626309781236 17.6922679479365 11.5000000000001
endloop
endfacet
facet normal -0.893347351793403 0.449366786760786 3.1869564254369e-019
outer loop
vertex -37.2626309781236 17.6922679479365 7.89590615113411e-014
vertex -35.7326697408262 19.9432785203136 11.5000000000001
vertex -35.7326697408262 19.9432785203136 7.89590615113411e-014
endloop
endfacet
facet normal 0.665270293344812 -0.746602596293978 -5.40755991080408e-020
outer loop
vertex 23.8365163141162 5.22308776605744 11.5000000000001
vertex 21.5855057417389 3.69312652876014 5.6399329650958e-014
vertex 23.8365163141162 5.22308776605744 5.6399329650958e-014
endloop
endfacet
facet normal 0.449366786760781 -0.893347351793405 -3.15508644347146e-019
outer loop
vertex 21.5855057417389 3.69312652876014 5.6399329650958e-014
vertex 23.8365163141162 5.22308776605744 11.5000000000001
vertex 21.5855057417389 3.69312652876014 11.5000000000001
endloop
endfacet
facet normal 0.202839676272749 -0.979211961594407 3.21243774075504e-019
outer loop
vertex 19.0152133881488 2.79790186329189 11.5000000000001
vertex 16.1530149890161 2.58756121871626 5.6399329650958e-014
vertex 19.0152133881488 2.79790186329189 3.38395977905748e-014
endloop
endfacet
facet normal 0.0366704370469418 -0.999327413336983 4.90898245045716e-016
outer loop
vertex 16.1530149890161 2.58756121871626 5.6399329650958e-014
vertex 19.0152133881488 2.79790186329189 11.5000000000001
vertex 16.1530149890161 2.58756121871626 11.5000000000001
endloop
endfacet
facet normal -0.94944227256672 -0.313941668249602 2.72071778811733e-018
outer loop
vertex -37.847476781303 9.73401182973579 11.5000000000001
vertex -36.6630250600857 7.2835212452423 7.89590615113411e-014
vertex -36.6630250600857 7.2835212452423 11.5000000000001
endloop
endfacet
facet normal -0.83583672884853 -0.548978107676244 -4.24898090467155e-019
outer loop
vertex -36.6630250600857 7.2835212452423 7.89590615113411e-014
vertex -37.847476781303 9.73401182973579 11.5000000000001
vertex -37.847476781303 9.73401182973579 3.38395977905748e-014
endloop
endfacet
facet normal 0.746602596293965 0.665270293344826 6.34204286100184e-019
outer loop
vertex 24.6844871354842 19.9432785203139 5.6399329650958e-014
vertex 26.2144483727816 17.6922679479366 11.5000000000001
vertex 26.2144483727816 17.6922679479366 5.6399329650958e-014
endloop
endfacet
facet normal 0.893347351793403 0.449366786760786 2.27906252491572e-020
outer loop
vertex 26.2144483727816 17.6922679479366 11.5000000000001
vertex 24.6844871354842 19.9432785203139 5.6399329650958e-014
vertex 24.6844871354842 19.9432785203139 11.5000000000001
endloop
endfacet
facet normal -0.835836728848529 -0.548978107676245 -4.24898090467194e-019
outer loop
vertex -36.6630250600857 7.2835212452423 11.5000000000001
vertex -34.884698919458 5.22308776605735 7.89590615113411e-014
vertex -34.884698919458 5.22308776605735 11.5000000000001
endloop
endfacet
facet normal -0.66527029334483 -0.746602596293961 -2.34613528494671e-018
outer loop
vertex -34.884698919458 5.22308776605735 7.89590615113411e-014
vertex -36.6630250600857 7.2835212452423 11.5000000000001
vertex -36.6630250600857 7.2835212452423 7.89590615113411e-014
endloop
endfacet
facet normal 0.949442272566726 -0.313941668249582 -1.4807589813634e-018
outer loop
vertex 26.799294175961 9.73401182973606 1.12798659301916e-014
vertex 25.6148424547439 7.28352124524244 11.5000000000001
vertex 25.6148424547439 7.28352124524244 5.6399329650958e-014
endloop
endfacet
facet normal 0.835836728848559 -0.548978107676199 -1.28698257269903e-018
outer loop
vertex 25.6148424547439 7.28352124524244 11.5000000000001
vertex 26.799294175961 9.73401182973606 1.12798659301916e-014
vertex 26.799294175961 9.73401182973606 11.5
endloop
endfacet
facet normal 0.0366704370469418 -0.999327413336983 4.90898245045716e-016
outer loop
vertex 16.1530149890161 2.58756121871626 5.6399329650958e-014
vertex -5.16891238860603 2.58756121871619 4.19669479866958
vertex -27.2011975943583 2.58756121871612 7.89590615113411e-014
endloop
endfacet
facet normal 3.36738496436257e-015 -1.0 9.80857906973209e-016
outer loop
vertex -5.16891238860603 2.58756121871619 4.19669479866958
vertex 16.1530149890161 2.58756121871626 5.6399329650958e-014
vertex 16.1530149890161 2.58756121871626 11.5000000000001
endloop
endfacet
facet normal -0.0366704370469606 -0.999327413336983 4.91286874313835e-016
outer loop
vertex -27.2011975943583 2.58756121871612 7.89590615113411e-014
vertex -5.16891238860603 2.58756121871619 4.19669479866958
vertex -5.58401261576914 2.58756121871619 4.1503077007418
endloop
endfacet
facet normal 3.36738496436257e-015 -1.0 9.80857906973209e-016
outer loop
vertex -5.16891238860603 2.58756121871619 4.19669479866958
vertex 16.1530149890161 2.58756121871626 11.5000000000001
vertex -4.77996222977201 2.58756121871619 4.34893707910984
endloop
endfacet
facet normal 3.36738496436257e-015 -1.0 9.80857906973209e-016
outer loop
vertex -4.77996222977201 2.58756121871619 4.34893707910984
vertex 16.1530149890161 2.58756121871626 11.5000000000001
vertex -4.44366844982113 2.58756121871619 4.59665948224281
endloop
endfacet
facet normal 3.36738496436257e-015 -1.0 9.80857906973209e-016
outer loop
vertex -4.44366844982113 2.58756121871619 4.59665948224281
vertex 16.1530149890161 2.58756121871626 11.5000000000001
vertex -4.18294891410526 2.58756121871619 4.92298013567558
endloop
endfacet
facet normal 3.36738496436257e-015 -1.0 9.80857906973209e-016
outer loop
vertex -4.18294891410526 2.58756121871619 4.92298013567558
vertex 16.1530149890161 2.58756121871626 11.5000000000001
vertex -4.01557122812396 2.58756121871619 5.30566082614715
endloop
endfacet
facet normal 3.36738496436257e-015 -1.0 9.80857906973209e-016
outer loop
vertex -4.01557122812396 2.58756121871619 5.30566082614715
vertex 16.1530149890161 2.58756121871626 11.5000000000001
vertex -3.95294190457228 2.58756121871619 5.71862249701159
endloop
endfacet
facet normal 3.36738496436257e-015 -1.0 9.80857906973209e-016
outer loop
vertex -3.95294190457228 2.58756121871619 5.71862249701159
vertex 16.1530149890161 2.58756121871626 11.5000000000001
vertex -3.9993290283503 2.58756121871619 6.13372249285092
endloop
endfacet
facet normal 3.36738496436257e-015 -1.0 9.80857906973209e-016
outer loop
vertex -3.9993290283503 2.58756121871619 6.13372249285092
vertex 16.1530149890161 2.58756121871626 11.5000000000001
vertex -4.15157139363096 2.58756121871619 6.52267243493386
endloop
endfacet
facet normal 3.36738496436257e-015 -1.0 9.80857906973209e-016
outer loop
vertex -4.15157139363096 2.58756121871619 6.52267243493386
vertex 16.1530149890161 2.58756121871626 11.5000000000001
vertex -4.39929393481279 2.58756121871619 6.85896602747768
endloop
endfacet
facet normal 3.36738496436257e-015 -1.0 9.80857906973209e-016
outer loop
vertex -4.39929393481279 2.58756121871619 6.85896602747768
vertex 16.1530149890161 2.58756121871626 11.5000000000001
vertex -4.72561477009508 2.58756121871619 7.11968541790187
endloop
endfacet
facet normal 3.36738496436257e-015 -1.0 9.80857906973209e-016
outer loop
vertex -4.72561477009508 2.58756121871619 7.11968541790187
vertex 16.1530149890161 2.58756121871626 11.5000000000001
vertex -5.108295673824 2.58756121871619 7.28706301060819
endloop
endfacet
facet normal 3.36738496436257e-015 -1.0 9.80857906973209e-016
outer loop
vertex -5.108295673824 2.58756121871619 7.28706301060819
vertex 16.1530149890161 2.58756121871626 11.5000000000001
vertex -5.52125757482049 2.58756121871619 7.34969229925834
endloop
endfacet
facet normal -0.0366704370469606 -0.999327413336983 4.91286874313835e-016
outer loop
vertex -27.2011975943583 2.58756121871612 7.89590615113411e-014
vertex -5.99697451676567 2.58756121871619 4.21293698939195
vertex -27.2011975943583 2.58756121871612 11.5000000000001
endloop
endfacet
facet normal 3.36738496436257e-015 -1.0 9.80857906973209e-016
outer loop
vertex -5.99697451676567 2.58756121871619 4.21293698939195
vertex -27.2011975943583 2.58756121871612 7.89590615113411e-014
vertex -5.58401261576914 2.58756121871619 4.1503077007418
endloop
endfacet
facet normal -0.0366704370469604 -0.999327413336983 4.91286874313838e-016
outer loop
vertex -27.2011975943583 2.58756121871612 11.5000000000001
vertex -5.99697451676567 2.58756121871619 4.21293698939195
vertex -6.37965542049461 2.58756121871619 4.38031458209835
endloop
endfacet
facet normal -0.0366704370469604 -0.999327413336983 4.91286874313838e-016
outer loop
vertex -27.2011975943583 2.58756121871612 11.5000000000001
vertex -6.37965542049461 2.58756121871619 4.38031458209835
vertex -6.70597625577688 2.58756121871619 4.64103397252251
endloop
endfacet
facet normal -0.0366704370469604 -0.999327413336983 4.91286874313838e-016
outer loop
vertex -27.2011975943583 2.58756121871612 11.5000000000001
vertex -6.70597625577688 2.58756121871619 4.64103397252251
vertex -6.95369879695869 2.58756121871619 4.97732756506629
endloop
endfacet
facet normal -0.0366704370469604 -0.999327413336983 4.91286874313838e-016
outer loop
vertex -27.2011975943583 2.58756121871612 11.5000000000001
vertex -6.95369879695869 2.58756121871619 4.97732756506629
vertex -7.10594116223935 2.58756121871617 5.36627750714922
endloop
endfacet
facet normal -0.0366704370469604 -0.999327413336983 4.91286874313838e-016
outer loop
vertex -27.2011975943583 2.58756121871612 11.5000000000001
vertex -7.10594116223935 2.58756121871617 5.36627750714922
vertex -7.15232828601737 2.58756121871617 5.78137750298855
endloop
endfacet
facet normal -0.0366704370469604 -0.999327413336983 4.91286874313838e-016
outer loop
vertex -27.2011975943583 2.58756121871612 11.5000000000001
vertex -7.15232828601737 2.58756121871617 5.78137750298855
vertex -7.08969896246563 2.58756121871617 6.19433917385297
endloop
endfacet
facet normal -0.0366704370469604 -0.999327413336983 4.91286874313838e-016
outer loop
vertex -27.2011975943583 2.58756121871612 11.5000000000001
vertex -7.08969896246563 2.58756121871617 6.19433917385297
vertex -6.92232127648439 2.58756121871621 6.57701986432453
endloop
endfacet
facet normal -0.0366704370469604 -0.999327413336983 4.91286874313838e-016
outer loop
vertex -27.2011975943583 2.58756121871612 11.5000000000001
vertex -6.92232127648439 2.58756121871621 6.57701986432453
vertex -6.66160174076849 2.58756121871619 6.90334051775734
endloop
endfacet
facet normal -0.0366704370469604 -0.999327413336983 4.91286874313838e-016
outer loop
vertex -27.2011975943583 2.58756121871612 11.5000000000001
vertex -6.66160174076849 2.58756121871619 6.90334051775734
vertex -6.32530796081762 2.58756121871619 7.1510629208903
endloop
endfacet
facet normal -0.0366704370469604 -0.999327413336983 4.91286874313838e-016
outer loop
vertex -27.2011975943583 2.58756121871612 11.5000000000001
vertex -6.32530796081762 2.58756121871619 7.1510629208903
vertex -5.93635780198365 2.58756121871619 7.30330520133054
endloop
endfacet
facet normal -0.0366704370469604 -0.999327413336983 4.91286874313838e-016
outer loop
vertex -27.2011975943583 2.58756121871612 11.5000000000001
vertex -5.93635780198365 2.58756121871619 7.30330520133054
vertex -5.52125757482049 2.58756121871619 7.34969229925834
endloop
endfacet
facet normal -0.0366704370469604 -0.999327413336983 4.91286874313838e-016
outer loop
vertex -27.2011975943583 2.58756121871612 11.5000000000001
vertex -5.52125757482049 2.58756121871619 7.34969229925834
vertex 16.1530149890161 2.58756121871626 11.5000000000001
endloop
endfacet
facet normal 0.893347351793403 0.449366786760786 2.27906252491572e-020
outer loop
vertex 26.2144483727816 17.6922679479366 5.6399329650958e-014
vertex 27.1096730382498 15.1219755943466 11.5000000000001
vertex 27.1096730382498 15.1219755943466 5.6399329650958e-014
endloop
endfacet
facet normal 0.979211961594404 0.202839676272765 -5.64640191963197e-019
outer loop
vertex 27.1096730382498 15.1219755943466 11.5000000000001
vertex 26.2144483727816 17.6922679479366 5.6399329650958e-014
vertex 26.2144483727816 17.6922679479366 11.5000000000001
endloop
endfacet
facet normal -0.746602596293963 0.665270293344828 1.02248509997724e-018
outer loop
vertex -35.7326697408262 19.9432785203136 11.5000000000001
vertex -33.6722362616413 21.7216046609413 7.89590615113411e-014
vertex -35.7326697408262 19.9432785203136 7.89590615113411e-014
endloop
endfacet
facet normal -0.548978107676241 0.835836728848531 4.85511935286648e-018
outer loop
vertex -33.6722362616413 21.7216046609413 7.89590615113411e-014
vertex -35.7326697408262 19.9432785203136 11.5000000000001
vertex -33.6722362616413 21.7216046609413 11.5000000000001
endloop
endfacet
facet normal 0.0575106229448436 0.998344894437036 4.10580182857336e-019
outer loop
vertex 17.5000122657096 23.415915256564 11.5000000000001
vertex 20.1735630718057 22.9060563821588 5.6399329650958e-014
vertex 17.5000122657096 23.415915256564 5.6399329650958e-014
endloop
endfacet
facet normal 0.313941668249602 0.94944227256672 5.50900589977904e-019
outer loop
vertex 20.1735630718057 22.9060563821588 5.6399329650958e-014
vertex 17.5000122657096 23.415915256564 11.5000000000001
vertex 20.1735630718058 22.9060563821588 11.5000000000001
endloop
endfacet
facet normal 0.313941668249602 0.949442272566719 5.50900589977903e-019
outer loop
vertex 20.1735630718058 22.9060563821588 11.5000000000001
vertex 22.6240536562993 21.7216046609415 5.6399329650958e-014
vertex 20.1735630718057 22.9060563821588 5.6399329650958e-014
endloop
endfacet
facet normal 0.548978107676229 0.835836728848539 -1.8944817157862e-028
outer loop
vertex 22.6240536562993 21.7216046609415 5.6399329650958e-014
vertex 20.1735630718058 22.9060563821588 11.5000000000001
vertex 22.6240536562993 21.7216046609415 11.5000000000001
endloop
endfacet
facet normal -0.548978107676241 0.835836728848531 4.85511935286648e-018
outer loop
vertex -33.6722362616413 21.7216046609413 7.89590615113411e-014
vertex -31.2217456771478 22.9060563821587 11.5000000000001
vertex -31.2217456771478 22.9060563821587 5.6399329650958e-014
endloop
endfacet
facet normal -0.313941668249602 0.949442272566719 5.01846712541814e-018
outer loop
vertex -31.2217456771478 22.9060563821587 11.5000000000001
vertex -33.6722362616413 21.7216046609413 7.89590615113411e-014
vertex -33.6722362616413 21.7216046609413 11.5000000000001
endloop
endfacet
facet normal 0.20283967627275 0.979211961594407 4.67734689359319e-020
outer loop
vertex -25.8337819125372 23.2164352444474 11.5000000000001
vertex -23.2634895589471 22.3212105789791 5.6399329650958e-014
vertex -25.8337819125372 23.2164352444474 3.38395977905748e-014
endloop
endfacet
facet normal 0.449366786760786 0.893347351793404 6.34204286456226e-019
outer loop
vertex -23.2634895589471 22.3212105789791 5.6399329650958e-014
vertex -25.8337819125372 23.2164352444474 11.5000000000001
vertex -23.2634895589471 22.3212105789791 11.5000000000001
endloop
endfacet
facet normal -0.665270293344818 0.746602596293973 1.5436623788821e-018
outer loop
vertex 9.96429638122793 20.791249341682 11.5000000000001
vertex 12.2153069536051 22.3212105789793 5.6399329650958e-014
vertex 9.96429638122793 20.791249341682 5.6399329650958e-014
endloop
endfacet
facet normal -0.449366786760777 0.893347351793408 2.1953308797313e-018
outer loop
vertex 12.2153069536051 22.3212105789793 5.6399329650958e-014
vertex 9.96429638122793 20.791249341682 11.5000000000001
vertex 12.2153069536051 22.3212105789793 11.5000000000001
endloop
endfacet
facet normal -0.449366786760777 0.893347351793408 2.1953308797313e-018
outer loop
vertex 12.2153069536051 22.3212105789793 5.6399329650958e-014
vertex 14.7855993071951 23.2164352444475 11.5000000000001
vertex 14.7855993071951 23.2164352444475 1.12798659301916e-014
endloop
endfacet
facet normal -0.202839676272769 0.979211961594403 2.90169887543741e-019
outer loop
vertex 14.7855993071951 23.2164352444475 11.5000000000001
vertex 12.2153069536051 22.3212105789793 5.6399329650958e-014
vertex 12.2153069536051 22.3212105789793 11.5000000000001
endloop
endfacet
facet normal -0.0575106229448626 0.998344894437035 1.09483406616016e-018
outer loop
vertex -28.5481948710518 23.4159152565638 5.6399329650958e-014
vertex -25.8337819125372 23.2164352444474 11.5000000000001
vertex -25.8337819125372 23.2164352444474 3.38395977905748e-014
endloop
endfacet
facet normal 0.20283967627275 0.979211961594407 4.67734689359319e-020
outer loop
vertex -25.8337819125372 23.2164352444474 11.5000000000001
vertex -28.5481948710518 23.4159152565638 5.6399329650958e-014
vertex -28.5481948710518 23.4159152565638 11.5000000000001
endloop
endfacet
facet normal -0.313941668249602 0.949442272566719 5.01846712541814e-018
outer loop
vertex -31.2217456771478 22.9060563821587 11.5000000000001
vertex -28.5481948710518 23.4159152565638 5.6399329650958e-014
vertex -31.2217456771478 22.9060563821587 5.6399329650958e-014
endloop
endfacet
facet normal -0.0575106229448626 0.998344894437035 1.09483406616016e-018
outer loop
vertex -28.5481948710518 23.4159152565638 5.6399329650958e-014
vertex -31.2217456771478 22.9060563821587 11.5000000000001
vertex -28.5481948710518 23.4159152565638 11.5000000000001
endloop
endfacet
facet normal -0.202839676272769 0.979211961594403 2.90169887543741e-019
outer loop
vertex 14.7855993071951 23.2164352444475 11.5000000000001
vertex 17.5000122657096 23.415915256564 5.6399329650958e-014
vertex 14.7855993071951 23.2164352444475 1.12798659301916e-014
endloop
endfacet
facet normal 0.0575106229448426 0.998344894437036 4.10580182857331e-019
outer loop
vertex 17.5000122657096 23.415915256564 5.6399329650958e-014
vertex 14.7855993071951 23.2164352444475 11.5000000000001
vertex 17.5000122657096 23.415915256564 11.5000000000001
endloop
endfacet
facet normal 0.72079528048577 0.000760958090764489 0.693147592199687
outer loop
vertex -6.70597625577688 2.58756121871619 4.64103397252251
vertex -6.38118955174846 4.04072214947297 4.3803145820983
vertex -6.70751002333189 4.04037764638069 4.64103397252249
endloop
endfacet
facet normal 0.624202412697111 0.000658983055357414 0.781262384685477
outer loop
vertex -6.38118955174846 4.04072214947297 4.3803145820983
vertex -6.70597625577688 2.58756121871619 4.64103397252251
vertex -6.37965542049461 2.58756121871619 4.38031458209835
endloop
endfacet
facet normal 0.400727759560865 0.000423056364404671 0.916197076911208
outer loop
vertex -6.37965542049461 2.58756121871619 4.38031458209835
vertex -5.99850907453414 4.04112615295801 4.21293698939193
vertex -6.38118955174846 4.04072214947297 4.3803145820983
endloop
endfacet
facet normal 0.277711828896968 0.000293185969482921 0.960664381630072
outer loop
vertex -5.99850907453414 4.04112615295801 4.21293698939193
vertex -6.37965542049461 2.58756121871619 4.38031458209835
vertex -5.99697451676567 2.58756121871619 4.21293698939195
endloop
endfacet
facet normal 0.277630870053972 0.000293100499602267 0.960687781792384
outer loop
vertex -5.99697451676567 2.58756121871619 4.21293698939195
vertex -5.58554763380171 4.04156212466595 4.15030770074179
vertex -5.99850907453414 4.04112615295801 4.21293698939193
endloop
endfacet
facet normal 0.149944171844384 0.000158299081336814 0.988694452432754
outer loop
vertex -5.58554763380171 4.04156212466595 4.15030770074179
vertex -5.99697451676567 2.58756121871619 4.21293698939195
vertex -5.58401261576914 2.58756121871619 4.1503077007418
endloop
endfacet
facet normal -0.111057863388799 -0.000117246022512086 0.99381393491583
outer loop
vertex -5.58401261576914 2.58756121871619 4.1503077007418
vertex -5.170447869286 4.04200035384532 4.19669479866957
vertex -5.58554763380171 4.04156212466595 4.15030770074179
endloop
endfacet
facet normal -0.239826424383142 -0.000253189585098514 0.970815750831553
outer loop
vertex -5.170447869286 4.04200035384532 4.19669479866957
vertex -5.58401261576914 2.58756121871619 4.1503077007418
vertex -5.16891238860603 2.58756121871619 4.19669479866958
endloop
endfacet
facet normal -0.593085621530307 -0.00062613243237226 0.805139151632925
outer loop
vertex -4.77996222977201 2.58756121871619 4.34893707910984
vertex -4.44520473881722 4.04276600762089 4.59665948224278
vertex -4.78149814395397 4.04241097590184 4.34893707910982
endloop
endfacet
facet normal -0.693103380926144 -0.000731723194817369 0.720837823598287
outer loop
vertex -4.44520473881722 4.04276600762089 4.59665948224278
vertex -4.77996222977201 2.58756121871619 4.34893707910984
vertex -4.44366844982113 2.58756121871619 4.59665948224281
endloop
endfacet
facet normal -0.239909105131523 -0.00025327687282935 0.970795321952994
outer loop
vertex -5.16891238860603 2.58756121871619 4.19669479866958
vertex -4.78149814395397 4.04241097590184 4.34893707910982
vertex -5.170447869286 4.04200035384532 4.19669479866957
endloop
endfacet
facet normal -0.364491488763845 -0.000384801003686494 0.931206640089569
outer loop
vertex -4.78149814395397 4.04241097590184 4.34893707910982
vertex -5.16891238860603 2.58756121871619 4.19669479866958
vertex -4.77996222977201 2.58756121871619 4.34893707910984
endloop
endfacet
facet normal -0.781261949309777 -0.000824793970527161 0.62420276054788
outer loop
vertex -4.18448549368466 4.04304125417753 4.92298013567558
vertex -4.44366844982113 2.58756121871619 4.59665948224281
vertex -4.18294891410526 2.58756121871619 4.92298013567558
endloop
endfacet
facet normal -0.693148965154081 -0.000731771319004638 0.72079399041374
outer loop
vertex -4.44366844982113 2.58756121871619 4.59665948224281
vertex -4.18448549368466 4.04304125417753 4.92298013567558
vertex -4.44520473881722 4.04276600762089 4.59665948224278
endloop
endfacet
facet normal -0.960663846278682 -0.00101419216540594 0.277711983658071
outer loop
vertex -4.01710799425314 4.04321795797381 5.30566082614715
vertex -4.18294891410526 2.58756121871619 4.92298013567558
vertex -4.01557122812396 2.58756121871619 5.30566082614715
endloop
endfacet
facet normal -0.916196566340197 -0.000967247162631592 0.400727982875366
outer loop
vertex -4.18294891410526 2.58756121871619 4.92298013567558
vertex -4.01710799425314 4.04321795797381 5.30566082614715
vertex -4.18448549368466 4.04304125417753 4.92298013567558
endloop
endfacet
facet normal -0.970815209823083 -0.00102490916428765 -0.239826558031777
outer loop
vertex -4.00086581258209 4.04323510517205 6.13372249285091
vertex -3.95294190457228 2.58756121871619 5.71862249701159
vertex -3.9993290283503 2.58756121871619 6.13372249285092
endloop
endfacet
facet normal -0.993813381091117 -0.00104918879675782 -0.11105792527826
outer loop
vertex -3.95294190457228 2.58756121871619 5.71862249701159
vertex -4.00086581258209 4.04323510517205 6.13372249285091
vertex -3.95447874050455 4.04328407693804 5.71862249701158
endloop
endfacet
facet normal -0.988693901460991 -0.001043784059043 0.149944255404076
outer loop
vertex -3.95447874050455 4.04328407693804 5.71862249701158
vertex -4.01557122812396 2.58756121871619 5.30566082614715
vertex -3.95294190457228 2.58756121871619 5.71862249701159
endloop
endfacet
facet normal -0.960670612307997 -0.00101419930843932 0.277688577452407
outer loop
vertex -4.01557122812396 2.58756121871619 5.30566082614715
vertex -3.95447874050455 4.04328407693804 5.71862249701158
vertex -4.01710799425314 4.04321795797381 5.30566082614715
endloop
endfacet
facet normal -0.931206121154143 -0.000983093051858005 -0.364491691884886
outer loop
vertex -4.15310800818198 4.04307438002077 6.52267243493385
vertex -3.9993290283503 2.58756121871619 6.13372249285092
vertex -4.15157139363096 2.58756121871619 6.52267243493386
endloop
endfacet
facet normal -0.97082025573168 -0.00102491449135495 -0.23980613130477
outer loop
vertex -3.9993290283503 2.58756121871619 6.13372249285092
vertex -4.15310800818198 4.04307438002077 6.52267243493385
vertex -4.00086581258209 4.04323510517205 6.13372249285091
endloop
endfacet
facet normal -0.720837421895536 -0.000761002580305349 -0.693103767173481
outer loop
vertex -4.40083027326618 4.04281285463765 6.85896602747763
vertex -4.15157139363096 2.58756121871619 6.52267243493386
vertex -4.39929393481279 2.58756121871619 6.85896602747768
endloop
endfacet
facet normal -0.805138702951411 -0.000850001140110411 -0.593085952040496
outer loop
vertex -4.15157139363096 2.58756121871619 6.52267243493386
vertex -4.40083027326618 4.04281285463765 6.85896602747763
vertex -4.15310800818198 4.04307438002077 6.52267243493385
endloop
endfacet
facet normal -0.720837421895536 -0.000761002580305349 -0.693103767173481
outer loop
vertex -4.40083027326618 4.04281285463765 6.85896602747763
vertex -4.72561477009508 2.58756121871619 7.11968541790187
vertex -4.72715074484961 4.04246835154537 7.11968541790182
endloop
endfacet
facet normal -0.624202412697131 -0.00065898305536148 -0.781262384685461
outer loop
vertex -4.72561477009508 2.58756121871619 7.11968541790187
vertex -4.40083027326618 4.04281285463765 6.85896602747763
vertex -4.39929393481279 2.58756121871619 6.85896602747768
endloop
endfacet
facet normal -0.400727759560781 -0.000423056364397905 -0.916197076911245
outer loop
vertex -4.72715074484961 4.04246835154537 7.11968541790182
vertex -5.108295673824 2.58756121871619 7.28706301060819
vertex -5.10983122206392 4.04206434806033 7.28706301060818
endloop
endfacet
facet normal -0.277792789712312 -0.000293271441441486 -0.960640973504521
outer loop
vertex -5.108295673824 2.58756121871619 7.28706301060819
vertex -4.72715074484961 4.04246835154537 7.11968541790182
vertex -4.72561477009508 2.58756121871619 7.11968541790187
endloop
endfacet
facet normal 0.111057863388819 0.000117246022516843 -0.993813934915828
outer loop
vertex -5.52279266279635 4.0416283763524 7.34969229925833
vertex -5.93635780198365 2.58756121871619 7.30330520133054
vertex -5.93789242731206 4.04119014717302 7.30330520133054
endloop
endfacet
facet normal 0.239743745374266 0.000253102299205536 -0.970836171809201
outer loop
vertex -5.93635780198365 2.58756121871619 7.30330520133054
vertex -5.52279266279635 4.0416283763524 7.34969229925833
vertex -5.52125757482049 2.58756121871619 7.34969229925834
endloop
endfacet
facet normal -0.277711828896939 -0.000293185969478556 -0.960664381630081
outer loop
vertex -5.10983122206392 4.04206434806033 7.28706301060818
vertex -5.52125757482049 2.58756121871619 7.34969229925834
vertex -5.52279266279635 4.0416283763524 7.34969229925833
endloop
endfacet
facet normal -0.1499441718444 -0.000158299081334917 -0.988694452432751
outer loop
vertex -5.52125757482049 2.58756121871619 7.34969229925834
vertex -5.10983122206392 4.04206434806033 7.28706301060818
vertex -5.108295673824 2.58756121871619 7.28706301060819
endloop
endfacet
facet normal 0.239826424383147 0.000253189585099944 -0.970815750831552
outer loop
vertex -5.93789242731206 4.04119014717302 7.30330520133054
vertex -6.32530796081762 2.58756121871619 7.1510629208903
vertex -6.32684215264409 4.0407795251165 7.1510629208903
endloop
endfacet
facet normal 0.364491488763837 0.000384801003684575 -0.931206640089572
outer loop
vertex -6.32530796081762 2.58756121871619 7.1510629208903
vertex -5.93789242731206 4.04119014717302 7.30330520133054
vertex -5.93635780198365 2.58756121871619 7.30330520133054
endloop
endfacet
facet normal 0.593085621530304 0.000626132432367841 -0.805139151632927
outer loop
vertex -6.32684215264409 4.0407795251165 7.1510629208903
vertex -6.66160174076849 2.58756121871619 6.90334051775734
vertex -6.66313555778084 4.04042449339745 6.90334051775733
endloop
endfacet
facet normal 0.693057799469779 0.000731675073549947 -0.720881648570481
outer loop
vertex -6.66160174076849 2.58756121871619 6.90334051775734
vertex -6.32684215264409 4.0407795251165 7.1510629208903
vertex -6.32530796081762 2.58756121871619 7.1510629208903
endloop
endfacet
facet normal 0.96066384627868 0.00101419216540381 -0.277711983658079
outer loop
vertex -7.09123230234492 4.03997254304453 6.19433917385297
vertex -6.92232127648439 2.58756121871621 6.57701986432453
vertex -7.08969896246563 2.58756121871617 6.19433917385297
endloop
endfacet
facet normal 0.916196566340225 0.000967247162626333 -0.400727982875303
outer loop
vertex -6.92232127648439 2.58756121871621 6.57701986432453
vertex -7.09123230234492 4.03997254304453 6.19433917385297
vertex -6.9238548029134 4.04014924684082 6.57701986432453
endloop
endfacet
facet normal 0.78126194930978 0.000824793970519368 -0.624202760547876
outer loop
vertex -6.92232127648439 2.58756121871621 6.57701986432453
vertex -6.66313555778084 4.04042449339745 6.90334051775733
vertex -6.66160174076849 2.58756121871619 6.90334051775734
endloop
endfacet
facet normal 0.693103380926145 0.000731723194811212 -0.720837823598286
outer loop
vertex -6.66313555778084 4.04042449339745 6.90334051775733
vertex -6.92232127648439 2.58756121871621 6.57701986432453
vertex -6.9238548029134 4.04014924684082 6.57701986432453
endloop
endfacet
facet normal 0.970815209823082 0.00102490916428705 0.239826558031779
outer loop
vertex -7.10747448401597 4.03995539584629 5.36627750714921
vertex -7.15232828601737 2.58756121871617 5.78137750298855
vertex -7.10594116223935 2.58756121871617 5.36627750714922
endloop
endfacet
facet normal 0.993813381091117 0.00104918879676154 0.11105792527826
outer loop
vertex -7.15232828601737 2.58756121871617 5.78137750298855
vertex -7.10747448401597 4.03995539584629 5.36627750714921
vertex -7.15386155609352 4.0399064240803 5.78137750298853
endloop
endfacet
facet normal 0.988693901460978 0.00104378405904405 -0.149944255404158
outer loop
vertex -7.15386155609352 4.0399064240803 5.78137750298853
vertex -7.08969896246563 2.58756121871617 6.19433917385297
vertex -7.15232828601737 2.58756121871617 5.78137750298855
endloop
endfacet
facet normal 0.960657080819549 0.00101418502297238 -0.277735385754143
outer loop
vertex -7.08969896246563 2.58756121871617 6.19433917385297
vertex -7.15386155609352 4.0399064240803 5.78137750298853
vertex -7.09123230234492 4.03997254304453 6.19433917385297
endloop
endfacet
facet normal 0.720837421895523 0.000761002580299275 0.693103767173494
outer loop
vertex -6.70751002333189 4.04037764638069 4.64103397252249
vertex -6.95369879695869 2.58756121871619 4.97732756506629
vertex -6.70597625577688 2.58756121871619 4.64103397252251
endloop
endfacet
facet normal 0.80513870295141 0.000850001140102438 0.593085952040497
outer loop
vertex -6.95369879695869 2.58756121871619 4.97732756506629
vertex -6.70751002333189 4.04037764638069 4.64103397252249
vertex -6.95523228841608 4.04011612099757 4.97732756506627
endloop
endfacet
facet normal 0.931206121154142 0.000983093051853104 0.364491691884888
outer loop
vertex -6.95369879695869 2.58756121871619 4.97732756506629
vertex -7.10747448401597 4.03995539584629 5.36627750714921
vertex -7.10594116223935 2.58756121871617 5.36627750714922
endloop
endfacet
facet normal 0.970815209823082 0.00102490916428705 0.239826558031779
outer loop
vertex -7.10747448401597 4.03995539584629 5.36627750714921
vertex -6.95369879695869 2.58756121871619 4.97732756506629
vertex -6.95523228841608 4.04011612099757 4.97732756506627
endloop
endfacet
facet normal -0.719089023409957 0.0 0.694917963799551
outer loop
vertex -4.37354886521498 18.6837601916042 4.63813125792081
vertex -4.70052545419495 20.1232287935133 4.3782349715699
vertex -4.70052545419495 18.6837601916042 4.3782349715699
endloop
endfacet
facet normal -0.514728655297483 0.0 0.857353142768862
outer loop
vertex -4.70052545419495 20.1232287935133 4.3782349715699
vertex -4.37354886521498 18.6837601916042 4.63813125792081
vertex -4.37354886521498 20.1232287935133 4.63813125792081
endloop
endfacet
facet normal -0.874444662927851 0.0 0.485125274003528
outer loop
vertex -4.12497984198634 20.1232287935133 4.97379956159444
vertex -4.37354886521498 18.6837601916042 4.63813125792081
vertex -4.12497984198634 18.6837601916042 4.97379956159444
endloop
endfacet
facet normal -0.719089023409957 0.0 0.694917963799551
outer loop
vertex -4.37354886521498 18.6837601916042 4.63813125792081
vertex -4.12497984198634 20.1232287935133 4.97379956159444
vertex -4.37354886521498 20.1232287935133 4.63813125792081
endloop
endfacet
facet normal -0.970208343755345 0.0 0.242272098491573
outer loop
vertex -3.97175795266236 20.1232287935133 5.36236464241355
vertex -4.12497984198634 18.6837601916042 4.97379956159444
vertex -3.97175795266236 18.6837601916042 5.36236464241355
endloop
endfacet
facet normal -0.874444662927851 0.0 0.485125274003528
outer loop
vertex -4.12497984198634 18.6837601916042 4.97379956159444
vertex -3.97175795266236 20.1232287935133 5.36236464241355
vertex -4.12497984198634 20.1232287935133 4.97379956159444
endloop
endfacet
facet normal -0.999853929301003 0.0 -0.0170915201590019
outer loop
vertex -3.92432501578931 20.1232287935133 5.77734643225446
vertex -3.97175795266236 18.6837601916042 5.36236464241355
vertex -3.92432501578931 18.6837601916042 5.77734643225446
endloop
endfacet
facet normal -0.970208343755345 0.0 0.242272098491573
outer loop
vertex -3.97175795266236 18.6837601916042 5.36236464241355
vertex -3.92432501578931 20.1232287935133 5.77734643225446
vertex -3.97175795266236 20.1232287935133 5.36236464241355
endloop
endfacet
facet normal -0.961361121901545 0.0 -0.275290379955791
outer loop
vertex -3.98591350762845 20.1232287935133 6.19046460792936
vertex -3.92432501578931 18.6837601916042 5.77734643225446
vertex -3.98591350762845 18.6837601916042 6.19046460792936
endloop
endfacet
facet normal -0.999853929301003 0.0 -0.0170915201590019
outer loop
vertex -3.92432501578931 18.6837601916042 5.77734643225446
vertex -3.98591350762845 20.1232287935133 6.19046460792936
vertex -3.92432501578931 20.1232287935133 5.77734643225446
endloop
endfacet
facet normal -0.857353142768866 0.0 -0.514728655297477
outer loop
vertex -4.15232627424072 20.1232287935133 6.57356584847605
vertex -3.98591350762845 18.6837601916042 6.19046460792936
vertex -4.15232627424072 18.6837601916042 6.57356584847605
endloop
endfacet
facet normal -0.961361121901545 0.0 -0.275290379955791
outer loop
vertex -3.98591350762845 18.6837601916042 6.19046460792936
vertex -4.15232627424072 20.1232287935133 6.57356584847605
vertex -3.98591350762845 20.1232287935133 6.19046460792936
endloop
endfacet
facet normal -0.694917963799541 0.0 -0.719089023409967
outer loop
vertex -4.41222256059164 20.1232287935133 6.90054243745602
vertex -4.15232627424072 18.6837601916042 6.57356584847605
vertex -4.41222256059164 18.6837601916042 6.90054243745602
endloop
endfacet
facet normal -0.857353142768866 0.0 -0.514728655297477
outer loop
vertex -4.15232627424072 18.6837601916042 6.57356584847605
vertex -4.41222256059164 20.1232287935133 6.90054243745602
vertex -4.15232627424072 20.1232287935133 6.57356584847605
endloop
endfacet
facet normal -0.694917963799541 0.0 -0.719089023409967
outer loop
vertex -4.41222256059164 20.1232287935133 6.90054243745602
vertex -4.74789086426528 18.6837601916042 7.14911146068465
vertex -4.74789086426528 20.1232287935133 7.14911146068465
endloop
endfacet
facet normal -0.48512527400352 0.0 -0.874444662927855
outer loop
vertex -4.74789086426528 18.6837601916042 7.14911146068465
vertex -4.41222256059164 20.1232287935133 6.90054243745602
vertex -4.41222256059164 18.6837601916042 6.90054243745602
endloop
endfacet
facet normal -0.48512527400352 0.0 -0.874444662927855
outer loop
vertex -4.74789086426528 20.1232287935133 7.14911146068465
vertex -5.13645594508439 18.6837601916042 7.30233335000863
vertex -5.13645594508439 20.1232287935133 7.30233335000863
endloop
endfacet
facet normal -0.242272098491578 0.0 -0.970208343755344
outer loop
vertex -5.13645594508439 18.6837601916042 7.30233335000863
vertex -4.74789086426528 20.1232287935133 7.14911146068465
vertex -4.74789086426528 18.6837601916042 7.14911146068465
endloop
endfacet
facet normal -0.242272098491578 0.0 -0.970208343755344
outer loop
vertex -5.13645594508439 20.1232287935133 7.30233335000863
vertex -5.5514377349253 18.6837601916042 7.34976628688169
vertex -5.5514377349253 20.1232287935133 7.34976628688169
endloop
endfacet
facet normal 0.017091520158987 0.0 -0.999853929301003
outer loop
vertex -5.5514377349253 18.6837601916042 7.34976628688169
vertex -5.13645594508439 20.1232287935133 7.30233335000863
vertex -5.13645594508439 18.6837601916042 7.30233335000863
endloop
endfacet
facet normal 0.017091520158987 0.0 -0.999853929301003
outer loop
vertex -5.5514377349253 20.1232287935133 7.34976628688169
vertex -5.9645559106002 18.6837601916042 7.28817779504255
vertex -5.9645559106002 20.1232287935133 7.28817779504255
endloop
endfacet
facet normal 0.275290379955801 0.0 -0.961361121901542
outer loop
vertex -5.9645559106002 18.6837601916042 7.28817779504255
vertex -5.5514377349253 20.1232287935133 7.34976628688169
vertex -5.5514377349253 18.6837601916042 7.34976628688169
endloop
endfacet
facet normal 0.275290379955801 0.0 -0.961361121901542
outer loop
vertex -5.9645559106002 20.1232287935133 7.28817779504255
vertex -6.34765715114689 18.6837601916042 7.12176502843026
vertex -6.34765715114689 20.1232287935133 7.12176502843026
endloop
endfacet
facet normal 0.514728655297484 0.0 -0.857353142768862
outer loop
vertex -6.34765715114689 18.6837601916042 7.12176502843026
vertex -5.9645559106002 20.1232287935133 7.28817779504255
vertex -5.9645559106002 18.6837601916042 7.28817779504255
endloop
endfacet
facet normal 0.514728655297484 0.0 -0.857353142768862
outer loop
vertex -6.34765715114689 20.1232287935133 7.12176502843026
vertex -6.67463374012686 18.6837601916042 6.86186874207935
vertex -6.67463374012686 20.1232287935133 6.86186874207935
endloop
endfacet
facet normal 0.719089023409956 0.0 -0.694917963799553
outer loop
vertex -6.67463374012686 18.6837601916042 6.86186874207935
vertex -6.34765715114689 20.1232287935133 7.12176502843026
vertex -6.34765715114689 18.6837601916042 7.12176502843026
endloop
endfacet
facet normal 0.87444466292785 0.0 -0.485125274003528
outer loop
vertex -6.92320276335549 20.1232287935133 6.52620043840572
vertex -6.67463374012686 18.6837601916042 6.86186874207935
vertex -6.92320276335549 18.6837601916042 6.52620043840572
endloop
endfacet
facet normal 0.719089023409956 0.0 -0.694917963799553
outer loop
vertex -6.67463374012686 18.6837601916042 6.86186874207935
vertex -6.92320276335549 20.1232287935133 6.52620043840572
vertex -6.67463374012686 20.1232287935133 6.86186874207935
endloop
endfacet
facet normal 0.970208343755345 0.0 -0.242272098491573
outer loop
vertex -7.07642465267948 20.1232287935133 6.13763535758661
vertex -6.92320276335549 18.6837601916042 6.52620043840572
vertex -7.07642465267948 18.6837601916042 6.13763535758661
endloop
endfacet
facet normal 0.87444466292785 0.0 -0.485125274003528
outer loop
vertex -6.92320276335549 18.6837601916042 6.52620043840572
vertex -7.07642465267948 20.1232287935133 6.13763535758661
vertex -6.92320276335549 20.1232287935133 6.52620043840572
endloop
endfacet
facet normal 0.999853929301003 0.0 0.0170915201590021
outer loop
vertex -7.12385758955253 20.1232287935133 5.7226535677457
vertex -7.07642465267948 18.6837601916042 6.13763535758661
vertex -7.12385758955253 18.6837601916042 5.7226535677457
endloop
endfacet
facet normal 0.970208343755345 0.0 -0.242272098491573
outer loop
vertex -7.07642465267948 18.6837601916042 6.13763535758661
vertex -7.12385758955253 20.1232287935133 5.7226535677457
vertex -7.07642465267948 20.1232287935133 6.13763535758661
endloop
endfacet
facet normal 0.961361121901545 0.0 0.27529037995579
outer loop
vertex -7.06226909771339 20.1232287935133 5.3095353920708
vertex -7.12385758955253 18.6837601916042 5.7226535677457
vertex -7.06226909771339 18.6837601916042 5.3095353920708
endloop
endfacet
facet normal 0.999853929301003 0.0 0.0170915201590021
outer loop
vertex -7.12385758955253 18.6837601916042 5.7226535677457
vertex -7.06226909771339 20.1232287935133 5.3095353920708
vertex -7.12385758955253 20.1232287935133 5.7226535677457
endloop
endfacet
facet normal 0.857353142768866 0.0 0.514728655297476
outer loop
vertex -6.89585633110111 20.1232287935133 4.92643415152411
vertex -7.06226909771339 18.6837601916042 5.3095353920708
vertex -6.89585633110111 18.6837601916042 4.92643415152411
endloop
endfacet
facet normal 0.961361121901545 0.0 0.27529037995579
outer loop
vertex -7.06226909771339 18.6837601916042 5.3095353920708
vertex -6.89585633110111 20.1232287935133 4.92643415152411
vertex -7.06226909771339 20.1232287935133 5.3095353920708
endloop
endfacet
facet normal 0.69491796379954 0.0 0.719089023409968
outer loop
vertex -6.63596004475019 20.1232287935133 4.59945756254414
vertex -6.89585633110111 18.6837601916042 4.92643415152411
vertex -6.63596004475019 18.6837601916042 4.59945756254414
endloop
endfacet
facet normal 0.857353142768866 0.0 0.514728655297476
outer loop
vertex -6.89585633110111 18.6837601916042 4.92643415152411
vertex -6.63596004475019 20.1232287935133 4.59945756254414
vertex -6.89585633110111 20.1232287935133 4.92643415152411
endloop
endfacet
facet normal 0.485125274003521 0.0 0.874444662927854
outer loop
vertex -6.30029174107656 18.6837601916042 4.35088853931551
vertex -6.63596004475019 20.1232287935133 4.59945756254414
vertex -6.63596004475019 18.6837601916042 4.59945756254414
endloop
endfacet
facet normal 0.69491796379954 0.0 0.719089023409968
outer loop
vertex -6.63596004475019 20.1232287935133 4.59945756254414
vertex -6.30029174107656 18.6837601916042 4.35088853931551
vertex -6.30029174107656 20.1232287935133 4.35088853931551
endloop
endfacet
facet normal 0.242272098491578 0.0 0.970208343755344
outer loop
vertex -5.91172666025744 18.6837601916042 4.19766664999153
vertex -6.30029174107656 20.1232287935133 4.35088853931551
vertex -6.30029174107656 18.6837601916042 4.35088853931551
endloop
endfacet
facet normal 0.485125274003521 0.0 0.874444662927854
outer loop
vertex -6.30029174107656 20.1232287935133 4.35088853931551
vertex -5.91172666025744 18.6837601916042 4.19766664999153
vertex -5.91172666025744 20.1232287935133 4.19766664999153
endloop
endfacet
facet normal -0.0170915201589886 0.0 0.999853929301003
outer loop
vertex -5.49674487041653 18.6837601916042 4.15023371311847
vertex -5.91172666025744 20.1232287935133 4.19766664999153
vertex -5.91172666025744 18.6837601916042 4.19766664999153
endloop
endfacet
facet normal 0.242272098491578 0.0 0.970208343755344
outer loop
vertex -5.91172666025744 20.1232287935133 4.19766664999153
vertex -5.49674487041653 18.6837601916042 4.15023371311847
vertex -5.49674487041653 20.1232287935133 4.15023371311847
endloop
endfacet
facet normal -0.275290379955799 0.0 0.961361121901542
outer loop
vertex -5.08362669474163 18.6837601916042 4.21182220495761
vertex -5.49674487041653 20.1232287935133 4.15023371311847
vertex -5.49674487041653 18.6837601916042 4.15023371311847
endloop
endfacet
facet normal -0.0170915201589886 0.0 0.999853929301003
outer loop
vertex -5.49674487041653 20.1232287935133 4.15023371311847
vertex -5.08362669474163 18.6837601916042 4.21182220495761
vertex -5.08362669474163 20.1232287935133 4.21182220495761
endloop
endfacet
facet normal -0.514728655297483 0.0 0.857353142768862
outer loop
vertex -4.70052545419495 18.6837601916042 4.3782349715699
vertex -5.08362669474163 20.1232287935133 4.21182220495761
vertex -5.08362669474163 18.6837601916042 4.21182220495761
endloop
endfacet
facet normal -0.275290379955799 0.0 0.961361121901542
outer loop
vertex -5.08362669474163 20.1232287935133 4.21182220495761
vertex -4.70052545419495 18.6837601916042 4.3782349715699
vertex -4.70052545419495 20.1232287935133 4.3782349715699
endloop
endfacet
endsolid damper v2
